date,price,ma_30,general_score_ma30,company_score_ma30
2022-11-01 14:45:00,3890.82,3878.6600000000003,-0.2922135769125116,-0.05999827467218772
2022-11-01 15:00:00,3864.15,3877.4296666666664,-0.28565189712248534,-0.04987922705314009
2022-11-01 15:15:00,3871.92,3877.1233333333334,-0.26342967490026314,-0.01654589371980676
2022-11-01 15:30:00,3855.84,3876.795666666667,-0.24120745267804092,-0.01654589371980676
2022-11-01 15:45:00,3848.24,3876.065333333333,-0.2328741193447076,-0.03876811594202898
2022-11-01 16:00:00,3854.11,3875.5776666666666,-0.2662074526780409,-0.0721014492753623
2022-11-01 16:15:00,3853.24,3874.9656666666665,-0.2828741193447076,-0.055434782608695644
2022-11-01 16:30:00,3844.65,3874.065333333333,-0.2962074526780409,-0.09987922705314009
2022-11-01 16:45:00,3854.95,3873.3079999999995,-0.2962074526780409,-0.13321256038647344
2022-11-01 17:00:00,3857.37,3872.423333333333,-0.3028741193447076,-0.13321256038647344
2022-11-01 17:15:00,3855.42,3871.3263333333334,-0.3028741193447076,-0.16654589371980677
2022-11-01 17:30:00,3856.97,3870.623,-0.3050963415669298,-0.16654589371980677
2022-11-01 17:45:00,3857.29,3869.789333333333,-0.33176300823359645,-0.1498792270531401
2022-11-01 18:00:00,3862.53,3869.227,-0.3184296749002631,-0.13876811594202898
2022-11-01 18:15:00,3858.58,3868.875333333333,-0.3017630082335964,-0.18876811594202897
2022-11-01 18:30:00,3857.21,3868.3573333333334,-0.2934296749002631,-0.18876811594202897
2022-11-01 18:45:00,3859.95,3867.884,-0.32676300823359644,-0.18876811594202897
2022-11-01 19:00:00,3859.54,3867.082,-0.32676300823359644,-0.18876811594202897
2022-11-01 19:15:00,3858.93,3866.3523333333337,-0.36009634156692977,-0.15543478260869564
2022-11-01 19:30:00,3856.63,3865.5570000000002,-0.3800963415669298,-0.15543478260869564
2022-11-01 19:45:00,3864.92,3865.0663333333337,-0.39438205585264413,-0.18876811594202897
2022-11-01 20:00:00,3861.1,3864.427666666667,-0.4181915796621679,-0.2221014492753623
2022-11-01 20:15:00,3857.27,3863.7406666666666,-0.4348582463288346,-0.2221014492753623
2022-11-01 20:30:00,3859.8,3863.398,-0.4209693574399457,-0.2221014492753623
2022-11-01 20:45:00,3857.68,3862.796333333333,-0.434302690773279,-0.23876811594202899
2022-11-01 21:00:00,3856.1,3861.891,-0.43430269077327904,-0.2221014492753623
2022-11-01 21:15:00,3856.1,3861.3976666666663,-0.4204138018843901,-0.2109903381642512
2022-11-01 22:15:00,3856.1,3860.8683333333333,-0.4245407860113743,-0.21124286341677648
2022-11-02 14:30:00,3840.34,3859.8136666666664,-0.43319291819291816,-0.23636363636363633
2022-11-02 15:00:00,3833.9,3857.388333333334,-0.40819291819291814,-0.20858585858585857
2022-11-02 15:30:00,3835.93,3855.5586666666663,-0.38874847374847377,-0.2585858585858586
2022-11-02 15:45:00,3838.21,3854.6940000000004,-0.4220818070818071,-0.2585858585858586
2022-11-02 16:00:00,3834.8,3853.456666666667,-0.4146743996743997,-0.2919191919191919
2022-11-02 16:15:00,3835.27,3852.7709999999997,-0.41467439967439973,-0.2919191919191919
2022-11-02 16:30:00,3838.27,3852.438666666667,-0.42134106634106633,-0.27525252525252525
2022-11-02 16:45:00,3836.56,3851.853666666667,-0.3546743996743997,-0.24191919191919192
2022-11-02 17:00:00,3831.71,3851.136,-0.343960113960114,-0.2585858585858586
2022-11-02 17:15:00,3827.53,3850.5653333333335,-0.34173789173789176,-0.2641414141414141
2022-11-02 17:30:00,3827.99,3849.6666666666665,-0.3750712250712251,-0.2641414141414141
2022-11-02 17:45:00,3834.69,3848.910666666666,-0.37951566951566945,-0.2641414141414141
2022-11-02 18:00:00,3830.87,3848.0923333333335,-0.3661823361823362,-0.2641414141414141
2022-11-02 18:15:00,3830.88,3847.2226666666666,-0.3528490028490029,-0.2308080808080808
2022-11-02 18:30:00,3841.4,3846.693,-0.31951566951566956,-0.2641414141414141
2022-11-02 18:45:00,3842.63,3846.029666666667,-0.3052299552299553,-0.2863636363636363
2022-11-02 19:00:00,3878.4,3846.6903333333335,-0.2552299552299553,-0.2863636363636363
2022-11-02 19:15:00,3886.94,3847.6813333333334,-0.2718966218966219,-0.31969696969696965
2022-11-02 19:30:00,3860.08,3847.6856666666663,-0.2718966218966219,-0.31969696969696965
2022-11-02 19:45:00,3817.22,3846.275,-0.24522995522995522,-0.31969696969696965
2022-11-02 20:00:00,3821.59,3845.0303333333336,-0.24522995522995522,-0.35303030303030297
2022-11-02 20:15:00,3780.27,3842.4849999999997,-0.2585632885632886,-0.36414141414141415
2022-11-02 20:30:00,3780.9,3839.684333333333,-0.2168966218966219,-0.3808080808080808
2022-11-02 20:45:00,3763.03,3836.4153333333334,-0.16642043142043142,-0.3141414141414141
2022-11-02 21:00:00,3759.69,3833.1626666666666,-0.14642043142043143,-0.2808080808080808
2022-11-02 21:15:00,3759.69,3829.8256666666666,-0.14642043142043143,-0.26969696969696966
2022-11-02 22:00:00,3759.69,3826.559333333333,-0.15252604198148753,-0.25270350564468214
2022-11-03 14:30:00,3727.22,3822.2633333333333,-0.10808159753704309,-0.2693701723113488
2022-11-03 14:45:00,3701.64,3817.114666666667,-0.09280381975926531,-0.2943701723113488
2022-11-03 15:15:00,3727.03,3812.8123333333333,-0.07534350229894786,-0.29133986928104577
2022-11-03 15:30:00,3727.05,3809.036,-0.07417800113344669,-0.28578431372549024
2022-11-03 16:15:00,3731.01,3805.6063333333336,-0.08084466780011335,-0.2968954248366013
2022-11-03 16:30:00,3727.99,3802.008333333333,-0.09195577891122446,-0.28856209150326795
2022-11-03 17:00:00,3726.56,3798.2866666666664,-0.0752891122445578,-0.3218954248366013
2022-11-03 17:15:00,3736.96,3795.025333333333,-0.07158540854085409,-0.3218954248366013
2022-11-03 17:30:00,3743.63,3791.970666666667,-0.06047429742974298,-0.28856209150326795
2022-11-03 18:00:00,3748.07,3788.964,-0.05380763076307631,-0.2718954248366013
2022-11-03 18:30:00,3738.79,3785.7050000000004,-0.0815854085408541,-0.2718954248366013
2022-11-03 18:45:00,3732.6,3782.4013333333332,-0.07841080536625092,-0.2718954248366013
2022-11-03 19:00:00,3731.58,3779.203,-0.08063302758847314,-0.28856209150326795
2022-11-03 19:30:00,3742.04,3776.3380000000006,-0.04729969425513981,-0.28856209150326795
2022-11-03 20:00:00,3743.92,3773.3123333333338,-0.04095048790593346,-0.3218954248366013
2022-11-03 20:15:00,3741.32,3770.327333333333,-0.07428382123926679,-0.3218954248366013
2022-11-03 20:30:00,3734.0,3767.098,-0.057617154572600124,-0.3552287581699346
2022-11-03 21:00:00,3719.68,3763.0406666666668,-0.09095048790593346,-0.3218954248366013
2022-11-03 21:15:00,3719.89,3758.9493333333335,-0.10523620219164774,-0.2901493930905696
2022-11-03 22:15:00,3719.89,3753.6656666666668,-0.13979117601363727,-0.2637605042016807
2022-11-04 14:30:00,3752.73,3749.192,-0.11979117601363726,-0.2637605042016807
2022-11-04 14:45:00,3751.91,3745.5863333333336,-0.11979117601363726,-0.272093837535014
2022-11-04 15:00:00,3771.75,3744.070666666667,-0.11312450934697062,-0.272093837535014
2022-11-04 15:15:00,3786.3,3742.894333333333,-0.07979117601363729,-0.23876050420168066
2022-11-04 15:30:00,3792.67,3743.307666666667,-0.06550546172792299,-0.2609827264239029
2022-11-04 15:45:00,3776.99,3743.177333333333,-0.07383879506125632,-0.2776493930905695
2022-11-04 16:00:00,3767.2,3743.316333333333,-0.08717212839458965,-0.32764939309056956
2022-11-04 16:15:00,3761.31,3743.3703333333333,-0.12383879506125632,-0.3943160597572362
2022-11-04 16:30:00,3739.56,3742.699333333333,-0.10717212839458966,-0.4054271708683474
2022-11-04 16:45:00,3722.82,3741.470333333333,-0.10939985116686689,-0.3890873015873016
2022-11-04 17:00:00,3723.74,3741.3543333333337,-0.15606651783353354,-0.3890873015873016
2022-11-04 17:15:00,3734.24,3742.4410000000003,-0.1718998511668669,-0.3974206349206349
2022-11-04 17:30:00,3719.63,3742.1943333333334,-0.1741220733890891,-0.4307539682539682
2022-11-04 17:45:00,3718.72,3741.9166666666665,-0.19003116429818004,-0.41408730158730156
2022-11-04 18:00:00,3727.25,3741.791333333333,-0.1889200531870689,-0.41408730158730156
2022-11-04 18:15:00,3722.07,3741.594,-0.1889200531870689,-0.4224206349206349
2022-11-04 18:30:00,3717.74,3741.3,-0.1889200531870689,-0.3890873015873016
2022-11-04 18:45:00,3717.46,3740.65,-0.21669783096484668,-0.35575396825396827
2022-11-04 19:00:00,3713.83,3739.6566666666668,-0.18336449763151336,-0.4224206349206349
2022-11-04 19:15:00,3727.24,3738.9623333333334,-0.18336449763151336,-0.45575396825396824
2022-11-04 19:30:00,3736.66,3738.891333333333,-0.1889200531870689,-0.48908730158730157
2022-11-04 20:00:00,3758.05,3739.739666666667,-0.1889200531870689,-0.522420634920635
2022-11-04 20:15:00,3754.66,3740.509,-0.17558671985373556,-0.48908730158730157
2022-11-04 20:30:00,3757.77,3741.0333333333333,-0.18669783096484668,-0.48908730158730157
2022-11-04 20:45:00,3764.73,3741.727,-0.18193592620294194,-0.45575396825396824
2022-11-04 21:00:00,3770.55,3742.7013333333334,-0.19526925953627525,-0.4224206349206349
2022-11-04 21:15:00,3770.55,3743.9196666666667,-0.21749148175849745,-0.4357539682539683
2022-11-04 22:30:00,3770.55,3745.615333333333,-0.19055421238580372,-0.44381848438300053
2022-11-07 14:30:00,3772.85,3747.3806666666665,-0.19888754571913705,-0.45334229390681
2022-11-07 14:45:00,3770.67,3749.0733333333333,-0.1776659052304809,-0.47973118279569893
2022-11-07 15:00:00,3776.27,3749.858,-0.16433257189714753,-0.4797311827956989
2022-11-07 15:15:00,3776.33,3750.6719999999996,-0.16433257189714753,-0.47139784946236557
2022-11-07 15:30:00,3772.08,3750.6829999999995,-0.1726659052304809,-0.47139784946236557
2022-11-07 15:45:00,3784.43,3750.6206666666667,-0.1726659052304809,-0.47139784946236557
2022-11-07 16:00:00,3782.46,3750.280333333333,-0.1452849528495285,-0.43806451612903224
2022-11-07 16:15:00,3784.52,3750.5313333333334,-0.16195161951619516,-0.37139784946236554
2022-11-07 16:30:00,3784.53,3751.109,-0.17528495284952852,-0.32139784946236555
2022-11-07 16:45:00,3775.37,3751.577666666666,-0.1669516195161952,-0.32139784946236555
2022-11-07 17:00:00,3775.68,3752.7816666666668,-0.15861828618286186,-0.32139784946236555
2022-11-07 17:15:00,3777.85,3754.6160000000004,-0.16139606396063963,-0.3436200716845878
2022-11-07 17:30:00,3777.98,3756.424,-0.14806273062730627,-0.3436200716845878
2022-11-07 17:45:00,3775.09,3757.785666666666,-0.12806273062730628,-0.3436200716845878
2022-11-07 18:00:00,3786.11,3760.0016666666666,-0.15917384173841737,-0.3102867383512545
2022-11-07 18:15:00,3782.96,3762.1430000000005,-0.1341738417384174,-0.3436200716845878
2022-11-07 18:30:00,3781.97,3763.967,-0.12861828618286184,-0.3436200716845878
2022-11-07 18:45:00,3785.87,3766.0936666666666,-0.16195161951619516,-0.3352867383512545
2022-11-07 19:00:00,3790.74,3768.527,-0.17861828618286185,-0.35195340501792116
2022-11-07 19:15:00,3803.02,3771.379,-0.18417384173841742,-0.35195340501792116
2022-11-07 19:30:00,3807.38,3774.4973333333332,-0.2508405084050841,-0.31862007168458784
2022-11-07 19:45:00,3806.29,3777.1323333333335,-0.26195161951619517,-0.25195340501792113
2022-11-07 20:00:00,3804.26,3779.385666666667,-0.2730627306273063,-0.1936200716845878
2022-11-07 20:15:00,3810.95,3781.149,-0.2619516195161952,-0.16028673835125448
2022-11-07 20:30:00,3807.71,3782.917333333333,-0.2786182861828619,-0.16028673835125448
2022-11-07 20:45:00,3807.27,3784.5673333333334,-0.2452849528495285,-0.16028673835125448
2022-11-07 21:00:00,3806.8,3785.9696666666664,-0.25195161951619516,-0.16028673835125448
2022-11-07 21:15:00,3806.8,3787.1780000000003,-0.22232198988656554,-0.1936200716845878
2022-11-07 22:00:00,3806.8,3788.386333333334,-0.2169495845141602,-0.18285084091535703
2022-11-08 14:30:00,3804.89,3789.5310000000004,-0.22722018722018725,-0.17478632478632478
2022-11-08 14:45:00,3818.14,3791.0406666666668,-0.21888685388685392,-0.19700854700854703
2022-11-08 15:00:00,3818.21,3792.625333333333,-0.249997964997965,-0.19700854700854703
2022-11-08 15:15:00,3827.31,3794.3266666666664,-0.269997964997965,-0.16367521367521368
2022-11-08 15:30:00,3835.93,3796.3133333333335,-0.23666463166463167,-0.15256410256410258
2022-11-08 15:45:00,3838.19,3798.5170000000003,-0.23785510785510786,-0.15256410256410255
2022-11-08 16:00:00,3840.35,3800.381,-0.26452177452177456,-0.1358974358974359
2022-11-08 16:15:00,3848.6,3802.585666666667,-0.2861884411884412,-0.1692307692307692
2022-11-08 16:30:00,3857.1,3805.0049999999997,-0.28380748880748885,-0.20256410256410257
2022-11-08 16:45:00,3853.86,3807.316,-0.29214082214082215,-0.20256410256410257
2022-11-08 17:00:00,3853.06,3809.905666666667,-0.2949185999185999,-0.20256410256410257
2022-11-08 17:15:00,3849.9,3812.3796666666667,-0.3115852665852666,-0.1358974358974359
2022-11-08 17:30:00,3851.74,3814.8426666666664,-0.3171408221408221,-0.11367521367521369
2022-11-08 17:45:00,3850.78,3817.269333333333,-0.3171408221408221,-0.147008547008547
2022-11-08 18:00:00,3858.2,3820.0396666666666,-0.3254741554741554,-0.08034188034188035
2022-11-08 18:15:00,3836.41,3821.7163333333333,-0.31380748880748877,-0.09700854700854702
2022-11-08 18:30:00,3829.32,3823.2616666666663,-0.28047415547415544,-0.0858974358974359
2022-11-08 18:45:00,3824.36,3824.674666666667,-0.3026963776963777,-0.0858974358974359
2022-11-08 19:00:00,3811.68,3825.5350000000003,-0.26936304436304437,-0.0608974358974359
2022-11-08 19:15:00,3800.08,3825.8463333333334,-0.23602971102971101,-0.07756410256410257
2022-11-08 19:30:00,3805.74,3825.937,-0.19158526658526662,-0.1108974358974359
2022-11-08 19:45:00,3819.19,3826.3306666666667,-0.1915852665852666,-0.13311965811965812
2022-11-08 20:00:00,3824.0,3826.9210000000003,-0.18714082214082214,-0.16645299145299144
2022-11-08 20:15:00,3829.49,3827.762,-0.20936304436304437,-0.2247863247863248
2022-11-08 20:30:00,3843.02,3828.8309999999997,-0.17602971102971102,-0.25811965811965815
2022-11-08 20:45:00,3839.15,3829.8790000000004,-0.15936304436304435,-0.25811965811965815
2022-11-08 21:00:00,3828.11,3830.5736666666667,-0.1937064787064787,-0.23311965811965812
2022-11-08 21:15:00,3828.11,3831.284,-0.19815092315092317,-0.2497863247863248
2022-11-08 22:00:00,3828.11,3831.9943333333335,-0.19995446582403104,-0.2317683067683068
2022-11-09 14:30:00,3794.3,3831.577666666666,-0.21643798230754754,-0.24031531531531533
2022-11-09 14:45:00,3799.3,3831.391333333333,-0.21643798230754754,-0.24031531531531533
2022-11-09 15:00:00,3810.54,3831.138,-0.2053268711964364,-0.21809309309309308
2022-11-09 15:15:00,3812.86,3830.959666666667,-0.22754909341865867,-0.21809309309309308
2022-11-09 15:30:00,3794.65,3829.871,-0.2142157600853253,-0.21809309309309308
2022-11-09 15:45:00,3791.89,3828.403,-0.23088242675199197,-0.2292042042042042
2022-11-09 16:00:00,3795.67,3826.9856666666665,-0.25098824685781207,-0.2292042042042042
2022-11-09 16:15:00,3795.24,3825.4820000000004,-0.22432158019114543,-0.24587087087087087
2022-11-09 16:30:00,3796.34,3823.74,-0.2109882468578121,-0.2125375375375375
2022-11-09 16:45:00,3805.0,3822.0033333333336,-0.23003586590543115,-0.24587087087087087
2022-11-09 17:00:00,3795.13,3820.045666666667,-0.24670253257209782,-0.27920420420420416
2022-11-09 17:15:00,3793.49,3818.0599999999995,-0.24225808812765334,-0.27920420420420416
2022-11-09 17:30:00,3790.17,3816.0690000000004,-0.24225808812765337,-0.31253753753753755
2022-11-09 17:45:00,3790.08,3814.0136666666663,-0.25892475479432003,-0.3292042042042042
2022-11-09 18:00:00,3786.26,3811.863,-0.28392475479432006,-0.31253753753753755
2022-11-09 18:15:00,3783.42,3809.3703333333333,-0.30892475479432,-0.36253753753753754
2022-11-09 18:30:00,3767.44,3807.0713333333333,-0.3117025325720978,-0.3792042042042042
2022-11-09 18:45:00,3764.92,3804.924666666667,-0.3533691992387645,-0.3680930930930931
2022-11-09 19:00:00,3774.61,3803.2663333333335,-0.33114697701654217,-0.40142642642642645
2022-11-09 19:15:00,3771.19,3801.9166666666665,-0.33114697701654217,-0.4347597597597598
2022-11-09 19:30:00,3759.05,3800.549,-0.29781364368320884,-0.4347597597597598
2022-11-09 19:45:00,3757.36,3798.936333333333,-0.3200358659054311,-0.3680930930930931
2022-11-09 20:00:00,3767.69,3797.2196666666664,-0.30670253257209784,-0.3792042042042042
2022-11-09 20:15:00,3759.53,3795.0706666666665,-0.3067025325720978,-0.3875375375375375
2022-11-09 20:30:00,3756.21,3792.6279999999997,-0.3067025325720978,-0.3542042042042042
2022-11-09 20:45:00,3749.78,3789.52,-0.35114697701654224,-0.32087087087087085
2022-11-09 21:00:00,3748.57,3786.500666666667,-0.3711469770165422,-0.3542042042042042
2022-11-09 21:15:00,3748.57,3783.849333333333,-0.38402576489533014,-0.4125375375375375
2022-11-09 22:00:00,3748.57,3781.198,-0.3772324430761016,-0.4106856856856857
2022-11-10 14:30:00,3871.26,3782.6363333333334,-0.3812490062230995,-0.39537037037037037
2022-11-10 14:45:00,3894.05,3785.9613333333336,-0.34791567288976616,-0.3842592592592593
2022-11-10 15:00:00,3906.39,3789.5310000000004,-0.33124900622309944,-0.3842592592592593
2022-11-10 15:15:00,3906.46,3792.728333333333,-0.3645823395564328,-0.3842592592592593
2022-11-10 15:30:00,3891.64,3795.354333333333,-0.33124900622309944,-0.3175925925925926
2022-11-10 15:45:00,3910.17,3799.2050000000004,-0.3293442443183376,-0.3175925925925926
2022-11-10 16:00:00,3904.62,3802.962666666667,-0.3126775776516709,-0.32870370370370366
2022-11-10 16:15:00,3913.69,3806.896666666667,-0.29138128135537467,-0.32870370370370366
2022-11-10 16:30:00,3922.82,3811.1493333333333,-0.2830479480220413,-0.32870370370370366
2022-11-10 16:45:00,3921.26,3815.3133333333335,-0.31638128135537463,-0.29537037037037034
2022-11-10 17:00:00,3918.37,3819.0923333333335,-0.2719368369109302,-0.262037037037037
2022-11-10 17:15:00,3918.11,3823.1916666666666,-0.2402701702442635,-0.27314814814814814
2022-11-10 17:30:00,3905.7,3826.9320000000002,-0.22989979987389314,-0.23981481481481481
2022-11-10 17:45:00,3901.83,3830.6540000000005,-0.24656646654055983,-0.23981481481481481
2022-11-10 18:00:00,3909.23,3834.625666666667,-0.21989979987389316,-0.22314814814814815
2022-11-10 18:15:00,3908.08,3838.686333333333,-0.20601091098500426,-0.2064814814814815
2022-11-10 18:30:00,3912.44,3842.987,-0.1782331332072265,-0.22314814814814815
2022-11-10 18:45:00,3920.18,3848.078333333333,-0.17378868876278203,-0.18981481481481483
2022-11-10 19:00:00,3924.0,3853.381,-0.1728627628368561,-0.21203703703703702
2022-11-10 19:15:00,3920.97,3858.2596666666664,-0.18952942950352275,-0.16759259259259257
2022-11-10 19:30:00,3924.59,3863.373,-0.18952942950352275,-0.13425925925925922
2022-11-10 19:45:00,3927.94,3869.0026666666668,-0.22286276283685608,-0.06759259259259259
2022-11-10 20:00:00,3935.63,3874.945,-0.22841831839241164,-0.10092592592592592
2022-11-10 20:15:00,3940.74,3880.7133333333336,-0.2250849850590783,-0.10092592592592592
2022-11-10 20:30:00,3942.28,3886.8050000000003,-0.23508498505907832,-0.09259259259259259
2022-11-10 20:45:00,3955.03,3893.432333333333,-0.2128627628368561,-0.09259259259259259
2022-11-10 21:00:00,3956.37,3900.3186666666666,-0.21286276283685612,-0.05925925925925925
2022-11-10 21:15:00,3956.37,3907.2453333333333,-0.18619609617018945,-0.03925925925925925
2022-11-10 22:00:00,3956.37,3914.172,-0.1685259391021266,-0.00488425925925925
2022-11-11 14:30:00,3955.09,3921.0559999999996,-0.17531926092135516,-0.02340277777777777
2022-11-11 14:45:00,3965.21,3924.1876666666667,-0.18801767361976787,-0.02340277777777777
2022-11-11 15:00:00,3961.3,3926.4293333333335,-0.20838804399013824,-0.02340277777777777
2022-11-11 15:15:00,3980.7,3928.9063333333334,-0.20838804399013824,-0.02340277777777777
2022-11-11 15:30:00,3972.27,3931.1,-0.19449915510124932,-0.0567361111111111
2022-11-11 15:45:00,3975.99,3933.911666666667,-0.21949915510124934,-0.09006944444444444
2022-11-11 16:00:00,3965.53,3935.7569999999996,-0.21949915510124937,-0.09006944444444444
2022-11-11 16:15:00,3958.03,3937.537333333333,-0.21949915510124937,-0.07895833333333331
2022-11-11 16:30:00,3957.54,3938.9990000000003,-0.21116582176791604,-0.07895833333333331
2022-11-11 16:45:00,3960.21,3940.2453333333333,-0.21949915510124937,-0.045624999999999985
2022-11-11 17:00:00,3957.21,3941.4436666666666,-0.18616582176791602,-0.07895833333333331
2022-11-11 17:15:00,3966.66,3943.0533333333337,-0.20838804399013824,-0.07895833333333331
2022-11-11 17:30:00,3965.81,3944.6433333333334,-0.22338804399013823,-0.03451388888888888
2022-11-11 17:45:00,3967.59,3946.7063333333335,-0.22709174769384194,-0.0011805555555555514
2022-11-11 18:00:00,3977.83,3949.239666666667,-0.2187584143605086,-0.03451388888888888
2022-11-11 18:15:00,3982.86,3951.6940000000004,-0.21209174769384193,-0.03451388888888888
2022-11-11 18:30:00,3983.47,3954.2070000000003,-0.20931396991606416,-0.03451388888888888
2022-11-11 18:45:00,3989.4,3956.7723333333333,-0.23709174769384195,-0.03451388888888888
2022-11-11 19:00:00,3992.08,3959.1690000000003,-0.25709174769384197,-0.06784722222222221
2022-11-11 19:15:00,3992.08,3961.4383333333335,-0.22746211806421232,-0.0011805555555555478
2022-11-11 19:30:00,3997.31,3963.983,-0.2052398958419901,-0.012291666666666657
2022-11-11 19:45:00,3999.07,3966.4656666666665,-0.21357322917532343,-0.012291666666666657
2022-11-11 20:00:00,3988.16,3968.473,-0.23579545139754565,-0.04562499999999999
2022-11-11 20:15:00,3987.14,3970.19,-0.2413510069531012,-0.04562499999999999
2022-11-11 20:30:00,3991.08,3971.868,-0.25801767361976785,0.021041666666666677
2022-11-11 20:45:00,3998.41,3973.739,-0.2524621180642123,0.021041666666666677
2022-11-11 21:00:00,3992.93,3975.002333333333,-0.2413510069531012,0.009930555555555566
2022-11-11 21:15:00,3992.93,3976.221,-0.2302398958419901,-0.023402777777777765
2022-11-11 22:00:00,3992.93,3977.439666666666,-0.2389967715295588,-0.01529820261437907
2022-11-14 14:30:00,3979.67,3978.216333333333,-0.23833359526428835,-0.033006535947712405
2022-11-14 14:45:00,3976.58,3978.9326666666666,-0.22722248415317722,0.00032679738562092867
2022-11-14 15:00:00,3987.79,3979.6853333333333,-0.19833359526428834,-0.033006535947712405
2022-11-14 15:15:00,3989.25,3980.617,-0.2112965582272513,-0.033006535947712405
2022-11-14 15:30:00,3989.54,3980.9116666666664,-0.2112965582272513,-0.04411764705882351
2022-11-14 15:45:00,3990.38,3981.5153333333337,-0.20296322489391797,-0.010784313725490182
2022-11-14 16:00:00,3981.03,3981.6833333333334,-0.19224893917963223,-0.04411764705882351
2022-11-14 16:15:00,3976.08,3982.0350000000003,-0.15415370108439416,-0.07745098039215685
2022-11-14 16:30:00,3987.83,3983.0283333333336,-0.15415370108439416,-0.07745098039215685
2022-11-14 16:45:00,3985.12,3983.9476666666665,-0.16748703441772753,-0.07745098039215685
2022-11-14 17:00:00,3990.49,3984.9570000000003,-0.20082036775106085,-0.07745098039215685
2022-11-14 17:15:00,3988.19,3985.989666666667,-0.20082036775106085,-0.07745098039215685
2022-11-14 17:30:00,3998.96,3987.066333333333,-0.20082036775106082,-0.07745098039215685
2022-11-14 17:45:00,3996.8,3988.099333333333,-0.19915370108439415,-0.11078431372549019
2022-11-14 18:00:00,3993.65,3988.968,-0.20470925663994968,-0.14411764705882352
2022-11-14 18:15:00,4003.42,3989.8209999999995,-0.20304258997328303,-0.14411764705882352
2022-11-14 18:30:00,4005.48,3990.575,-0.1947092566399497,-0.14411764705882352
2022-11-14 18:45:00,4008.11,3991.396333333333,-0.1947092566399497,-0.14411764705882352
2022-11-14 19:00:00,4004.23,3991.8906666666667,-0.1947092566399497,-0.07745098039215685
2022-11-14 19:15:00,4002.19,3992.2276666666667,-0.16804258997328303,-0.04411764705882351
2022-11-14 19:30:00,3999.33,3992.4693333333335,-0.19026481219550526,-0.04411764705882352
2022-11-14 19:45:00,3995.54,3992.4103333333333,-0.21804258997328305,-0.04411764705882351
2022-11-14 20:00:00,3996.81,3992.3349999999996,-0.1847092566399497,-0.01078431372549018
2022-11-14 20:15:00,3987.77,3992.322,-0.19582036775106085,-0.01078431372549018
2022-11-14 20:30:00,3983.45,3992.199,-0.21328068521137827,-0.01078431372549018
2022-11-14 20:45:00,3968.02,3991.4303333333332,-0.17994735187804492,-0.04411764705882351
2022-11-14 21:00:00,3957.25,3990.0583333333334,-0.16216957410026717,-0.07745098039215685
2022-11-14 21:15:00,3957.25,3988.869,-0.18550290743360048,-0.09967320261437908
2022-11-14 22:00:00,3957.25,3987.6796666666664,-0.18798828755055957,-0.1037548352674403
2022-11-15 14:30:00,4020.77,3988.6076666666672,-0.20256474519632414,-0.09852607709750566
2022-11-15 14:45:00,4013.8,3989.7453333333333,-0.2181203007518797,-0.04852607709750564
2022-11-15 15:00:00,4016.64,3991.0806666666667,-0.23145363408521302,-0.015192743764172316
2022-11-15 15:15:00,4021.89,3992.217333333333,-0.2381203007518797,0.01814058956916102
2022-11-15 15:30:00,4017.12,3993.146333333333,-0.18812030075187972,0.05147392290249435
2022-11-15 15:45:00,4016.63,3994.049333333334,-0.18812030075187972,0.040362811791383235
2022-11-15 16:00:00,4008.7,3994.6600000000003,-0.19478696741854637,0.040362811791383235
2022-11-15 16:15:00,4008.95,3995.5906666666665,-0.20272347535505428,0.07369614512471657
2022-11-15 16:30:00,4020.35,3997.066333333333,-0.2138345864661654,0.1070294784580499
2022-11-15 16:45:00,4016.27,3998.014333333333,-0.2138345864661654,0.1070294784580499
2022-11-15 17:00:00,4015.62,3999.031,-0.20716791979949878,0.1070294784580499
2022-11-15 17:15:00,4010.51,3999.6983333333333,-0.1655012531328321,0.07369614512471657
2022-11-15 17:30:00,4009.85,4000.420333333333,-0.15716791979949876,0.07369614512471657
2022-11-15 18:00:00,4005.42,4000.635666666667,-0.15716791979949873,0.07369614512471657
2022-11-15 18:15:00,3977.73,4000.0,-0.15050125313283208,0.040362811791383235
2022-11-15 18:30:00,3961.56,3998.9303333333332,-0.16994569757727654,0.023696145124716572
2022-11-15 18:45:00,3973.18,3997.922333333334,-0.17439014202172096,0.040362811791383235
2022-11-15 19:00:00,3963.21,3996.5133333333333,-0.19700918964076858,0.029251700680272125
2022-11-15 19:15:00,3993.61,3996.0299999999997,-0.18867585630743525,0.029251700680272125
2022-11-15 19:30:00,3990.86,3995.5843333333332,-0.15534252297410192,-0.03741496598639454
2022-11-15 19:45:00,3989.82,3995.172,-0.14423141186299082,-0.07074829931972788
2022-11-15 20:00:00,3993.44,3994.9756666666663,-0.13756474519632414,-0.10408163265306121
2022-11-15 20:15:00,4002.14,3995.1956666666665,-0.12010442773600669,-0.07074829931972788
2022-11-15 20:30:00,3998.28,3995.2446666666665,-0.1673266499582289,-0.10408163265306121
2022-11-15 20:45:00,3983.31,3995.096,-0.14732664995822892,-0.10408163265306121
2022-11-15 21:00:00,3991.73,3995.3720000000003,-0.11875522138680034,-0.07074829931972788
2022-11-15 21:15:00,3991.73,3996.162333333333,-0.12616262879420775,-0.07445200302343156
2022-11-15 22:45:00,3991.73,3997.311666666667,-0.13695470800212856,-0.038554567125995684
2022-11-16 14:30:00,3979.21,3998.0436666666665,-0.12195470800212854,-0.021887900459329014
2022-11-16 14:45:00,3966.3,3998.345333333333,-0.13058043899628058,-0.017806267806267786
2022-11-16 15:00:00,3970.85,3996.681333333333,-0.11391377232961392,-0.017806267806267786
2022-11-16 15:15:00,3972.86,3995.3166666666666,-0.1116915501073917,-0.05113960113960112
2022-11-16 15:30:00,3970.39,3993.775,-0.08883440725024885,-0.08447293447293446
2022-11-16 15:45:00,3959.14,3991.6833333333334,-0.11105662947247107,-0.11780626780626778
2022-11-16 16:00:00,3962.6,3989.866,-0.14915186756770915,-0.15113960113960115
2022-11-16 16:15:00,3970.13,3988.3160000000003,-0.14915186756770915,-0.1289173789173789
2022-11-16 16:30:00,3971.21,3987.066333333333,-0.17581853423437585,-0.1289173789173789
2022-11-16 16:45:00,3970.04,3985.769333333333,-0.13692964534548693,-0.1289173789173789
2022-11-16 17:00:00,3970.86,3984.119666666667,-0.17581853423437585,-0.09558404558404557
2022-11-16 17:15:00,3967.37,3982.489666666667,-0.17581853423437585,-0.07336182336182336
2022-11-16 17:30:00,3971.33,3981.013333333334,-0.13581853423437582,-0.07336182336182336
2022-11-16 17:45:00,3974.18,3979.802333333333,-0.14415186756770915,-0.07336182336182336
2022-11-16 18:00:00,3971.28,3978.516666666667,-0.15248520090104248,-0.07336182336182336
2022-11-16 18:15:00,3970.84,3977.364,-0.14137408978993135,-0.10669515669515668
2022-11-16 18:30:00,3963.47,3976.8886666666667,-0.1247074231232647,-0.07336182336182336
2022-11-16 18:45:00,3962.38,3976.9159999999997,-0.10804075645659804,-0.056695156695156686
2022-11-16 19:00:00,3962.78,3976.569333333333,-0.09026297867882026,-0.006695156695156686
2022-11-16 19:15:00,3963.6,3976.5823333333333,-0.07597726439310598,-0.02891737891737891
2022-11-16 19:30:00,3965.15,3975.6336666666666,-0.08153281994866154,-0.02891737891737891
2022-11-16 19:45:00,3966.25,3974.813333333333,-0.048199486615328205,0.0044159544159544225
2022-11-16 20:00:00,3958.05,3973.754333333333,-0.04264393105977264,0.037749287749287756
2022-11-16 20:15:00,3959.19,3972.612666666667,-0.06597726439310599,0.0044159544159544225
2022-11-16 20:30:00,3958.03,3971.1423333333337,-0.027882026297867884,-0.06225071225071224
2022-11-16 20:45:00,3966.35,3970.078,0.005451307035465445,-0.06225071225071224
2022-11-16 21:00:00,3958.79,3969.2606666666666,0.01878464036879878,-0.08447293447293447
2022-11-16 21:15:00,3958.79,3968.1626666666666,0.014186939219373494,-0.08447293447293447
2022-11-16 22:45:00,3958.79,3967.0646666666667,0.015648400680834954,-0.09067914067914068
2022-11-17 14:30:00,3911.61,3964.394,-0.013559520111244254,-0.1265765765765766
2022-11-17 14:45:00,3910.67,3962.1093333333333,0.0058849243332001885,-0.10990990990990991
2022-11-17 15:00:00,3916.05,3960.434333333333,-0.016337297889022037,-0.10990990990990991
2022-11-17 15:15:00,3922.76,3958.8313333333335,-0.04967063122235537,-0.10990990990990991
2022-11-17 15:30:00,3919.75,3957.061,-0.04633729788902204,-0.1265765765765766
2022-11-17 15:45:00,3912.1,3955.1180000000004,-0.07014682169854584,-0.15990990990990991
2022-11-17 16:00:00,3910.49,3953.4963333333335,-0.03681348836521251,-0.1265765765765766
2022-11-17 16:15:00,3915.63,3951.9306666666666,-0.040384916936641084,-0.09324324324324325
2022-11-17 16:30:00,3920.7,3950.283,-0.02371825026997442,-0.08213213213213214
2022-11-17 16:45:00,3920.78,3948.6020000000003,-0.007051583603307754,-0.08213213213213214
2022-11-17 17:00:00,3938.81,3947.561,-0.038003964555688705,-0.08213213213213214
2022-11-17 17:15:00,3935.94,3946.397,-0.013003964555688705,-0.08213213213213215
2022-11-17 17:30:00,3939.72,3945.4753333333333,-0.029670631222355373,-0.07102102102102101
2022-11-17 17:45:00,3946.35,3944.6426666666666,-0.06300396455568871,-0.07102102102102101
2022-11-17 18:00:00,3947.13,3943.7410000000004,-0.06776586931759347,-0.10435435435435435
2022-11-17 18:15:00,3951.05,3943.066666666667,-0.06776586931759347,-0.10435435435435435
2022-11-17 18:30:00,3953.34,3942.483333333333,-0.06776586931759347,-0.07102102102102101
2022-11-17 18:45:00,3944.14,3941.839,-0.06776586931759347,-0.07102102102102101
2022-11-17 19:00:00,3942.94,3941.1910000000003,-0.05943253598426013,-0.07102102102102101
2022-11-17 19:15:00,3938.24,3940.373,-0.04943253598426013,-0.1376876876876877
2022-11-17 19:30:00,3936.69,3939.476,-0.04943253598426013,-0.10435435435435435
2022-11-17 19:45:00,3937.62,3938.5583333333334,-0.04943253598426014,-0.10435435435435435
2022-11-17 20:00:00,3931.95,3937.4150000000004,-0.06609920265092681,-0.10435435435435435
2022-11-17 20:15:00,3925.25,3936.321666666667,-0.0910992026509268,-0.07102102102102101
2022-11-17 20:30:00,3930.59,3935.3683333333333,-0.07443253598426014,-0.03768768768768769
2022-11-17 20:45:00,3938.03,3934.701666666667,-0.10776586931759348,-0.004354354354354354
2022-11-17 21:00:00,3946.56,3934.042,-0.1022103137620379,-0.03768768768768769
2022-11-17 21:15:00,3946.56,3933.6343333333334,-0.1022103137620379,-0.015465465465465466
2022-11-17 22:00:00,3946.56,3933.2266666666665,-0.1022874093605801,-0.053099874067615994
2022-11-18 14:30:00,3966.72,3933.491,-0.07411924119241194,-0.051523297491039434
2022-11-18 14:45:00,3966.39,3935.317,-0.06300813008130082,-0.0015232974910394288
2022-11-18 15:00:00,3953.57,3936.7470000000003,-0.08745257452574527,-0.0015232974910394288
2022-11-18 15:15:00,3958.25,3938.1536666666666,-0.06523035230352305,-0.0015232974910394288
2022-11-18 15:30:00,3958.79,3939.3546666666666,-0.025230352303523048,-0.0015232974910394288
2022-11-18 15:45:00,3949.55,3940.348,0.02476964769647695,-0.0015232974910394288
2022-11-18 16:00:00,3952.92,3941.7086666666664,0.0057220286488579054,0.0318100358422939
2022-11-18 16:15:00,3961.51,3943.4093333333335,-0.03396051103368178,-0.0015232974910394288
2022-11-18 16:30:00,3954.9,3944.7183333333332,-0.03229384436701511,-0.0015232974910394325
2022-11-18 16:45:00,3955.67,3945.884,-0.06562717770034844,-0.012634408602150543
2022-11-18 17:15:00,3939.49,3946.5076666666664,-0.071182733255904,-0.012634408602150543
2022-11-18 17:30:00,3945.71,3946.7376666666664,-0.08546844754161828,-0.04596774193548388
2022-11-18 18:00:00,3949.36,3947.1849999999995,-0.12237320944638018,-0.11263440860215053
2022-11-18 18:15:00,3947.18,3947.433666666667,-0.0945954316686024,-0.14596774193548387
2022-11-18 18:30:00,3946.91,3947.4523333333336,-0.0945954316686024,-0.14596774193548387
2022-11-18 18:45:00,3941.32,3947.2586666666666,-0.10094463801780876,-0.1293010752688172
2022-11-18 19:00:00,3947.59,3947.143333333333,-0.0842779713511421,-0.16263440860215053
2022-11-18 19:15:00,3950.0,3947.0319999999997,-0.09261130468447543,-0.16263440860215053
2022-11-18 19:30:00,3947.88,3947.1566666666668,-0.10927797135114209,-0.16263440860215053
2022-11-18 19:45:00,3950.22,3947.3993333333333,-0.10927797135114209,-0.16263440860215053
2022-11-18 20:00:00,3960.69,3948.1476666666667,-0.13427797135114208,-0.1293010752688172
2022-11-18 20:15:00,3957.59,3948.8443333333335,-0.11761130468447542,-0.1293010752688172
2022-11-18 20:30:00,3966.9,3949.8203333333336,-0.12316686024003097,-0.16263440860215053
2022-11-18 20:45:00,3958.05,3950.690333333333,-0.13983352690669765,-0.16263440860215053
2022-11-18 21:00:00,3965.34,3952.0266666666666,-0.13983352690669765,-0.20072964669738863
2022-11-18 21:15:00,3965.34,3953.185,-0.15372241579558654,-0.23406298003072196
2022-11-18 22:30:00,3965.34,3954.095333333333,-0.15583684365628306,-0.23539631336405528
2022-11-21 14:30:00,3948.5,3954.1600000000003,-0.1891701769896164,-0.21317409114183308
2022-11-21 14:45:00,3958.92,3954.572,-0.1891701769896164,-0.2465074244751664
2022-11-21 15:00:00,3951.8,3954.746666666667,-0.19560649135276,-0.2422063492063492
2022-11-21 15:15:00,3943.69,3953.9790000000003,-0.20671760246387114,-0.26720634920634917
2022-11-21 15:30:00,3942.42,3953.1800000000003,-0.2067176024638711,-0.31720634920634916
2022-11-21 15:45:00,3937.69,3952.650666666667,-0.1933842691305378,-0.31720634920634916
2022-11-21 16:00:00,3944.8,3952.2023333333336,-0.18227315801942667,-0.31720634920634916
2022-11-21 16:15:00,3947.2,3951.8160000000003,-0.18893982468609333,-0.28387301587301583
2022-11-21 16:30:00,3942.59,3951.5840000000003,-0.18893982468609333,-0.26720634920634917
2022-11-21 16:45:00,3944.79,3951.313,-0.1444953802416489,-0.26720634920634917
2022-11-21 17:00:00,3944.41,3950.743,-0.13814617389244255,-0.23387301587301587
2022-11-21 17:15:00,3942.54,3950.331,-0.16481284055910925,-0.2672063492063492
2022-11-21 17:30:00,3947.58,3950.0613333333336,-0.1814795072257759,-0.2838730158730159
2022-11-21 17:45:00,3945.34,3950.2563333333333,-0.15925728500355366,-0.2838730158730159
2022-11-21 18:00:00,3949.69,3950.3890000000006,-0.13624141198768064,-0.23387301587301587
2022-11-21 18:15:00,3953.74,3950.5350000000003,-0.13266998341625208,-0.20053968253968255
2022-11-21 18:30:00,3959.66,3950.951,-0.17711442786069653,-0.20053968253968255
2022-11-21 18:45:00,3955.33,3951.2316666666666,-0.1818763326226013,-0.23387301587301587
2022-11-21 19:00:00,3956.52,3951.7383333333337,-0.15965411040037905,-0.2172063492063492
2022-11-21 19:15:00,3950.84,3951.846666666667,-0.17632077706704571,-0.18387301587301588
2022-11-21 19:30:00,3950.68,3951.8693333333335,-0.16798744373371238,-0.2172063492063492
2022-11-21 19:45:00,3953.14,3952.0446666666667,-0.16798744373371238,-0.25053968253968256
2022-11-21 20:00:00,3953.06,3952.139333333333,-0.1613207770670457,-0.25053968253968256
2022-11-21 20:15:00,3948.39,3951.7293333333337,-0.1640985548448235,-0.28387301587301583
2022-11-21 20:30:00,3947.64,3951.3976666666667,-0.17243188817815683,-0.28387301587301583
2022-11-21 20:45:00,3955.56,3951.019666666667,-0.16132077706704573,-0.25053968253968256
2022-11-21 21:00:00,3949.94,3950.7493333333337,-0.17560649135276,-0.28387301587301583
2022-11-21 21:15:00,3949.94,3950.2359999999994,-0.17560649135276,-0.3124444444444444
2022-11-21 21:45:00,3949.94,3949.7226666666666,-0.16344174039490558,-0.2861818181818182
2022-11-22 14:30:00,3961.98,3949.610666666667,-0.1813273125342091,-0.2515151515151515
2022-11-22 14:45:00,3961.66,3950.0493333333334,-0.1813273125342091,-0.2404040404040404
2022-11-22 15:00:00,3970.53,3950.436333333333,-0.1813273125342091,-0.20707070707070707
2022-11-22 15:15:00,3974.35,3951.188,-0.17021620142309798,-0.20707070707070707
2022-11-22 15:30:00,3971.98,3952.131,-0.16466064586754245,-0.1904040404040404
2022-11-22 15:45:00,3980.4,3953.397,-0.1424384236453202,-0.15707070707070706
2022-11-22 16:00:00,3979.55,3954.792333333333,-0.1313273125342091,-0.15707070707070706
2022-11-22 16:15:00,3977.76,3955.891,-0.1396606458675424,-0.15707070707070706
2022-11-22 16:30:00,3976.03,3956.852,-0.14799397920087573,-0.1904040404040404
2022-11-22 16:45:00,3977.71,3958.0226666666663,-0.16466064586754242,-0.1904040404040404
2022-11-22 17:00:00,3978.61,3959.15,-0.18243842364532017,-0.15707070707070706
2022-11-22 17:15:00,3978.47,3960.2853333333333,-0.16021620142309798,-0.12373737373737373
2022-11-22 17:30:00,3981.21,3961.574333333333,-0.13799397920087575,-0.12373737373737373
2022-11-22 17:45:00,3978.91,3962.6186666666667,-0.11894636015325671,-0.10707070707070707
2022-11-22 18:00:00,3984.69,3963.9303333333332,-0.11894636015325671,-0.1404040404040404
2022-11-22 18:15:00,3988.13,3965.2116666666666,-0.10227969348659004,-0.15707070707070706
2022-11-22 18:30:00,3987.14,3966.325,-0.0439463601532567,-0.15707070707070706
2022-11-22 18:45:00,3990.93,3967.3673333333336,-0.04394636015325671,-0.15707070707070706
2022-11-22 19:00:00,3987.64,3968.4443333333334,-0.016962233169129728,-0.12373737373737373
2022-11-22 19:15:00,3989.48,3969.5429999999997,-0.028073344280240838,-0.15707070707070706
2022-11-22 19:30:00,3992.18,3970.9210000000003,-0.03918445539135195,-0.12373737373737373
2022-11-22 19:45:00,3994.21,3972.3720000000003,-0.04751778872468528,-0.07373737373737373
2022-11-22 20:00:00,3998.05,3973.869,-0.055851122058018614,-0.04040404040404041
2022-11-22 20:15:00,3999.6,3975.4203333333335,-0.07918445539135194,-0.007070707070707072
2022-11-22 20:30:00,4000.86,3977.169333333333,-0.0747400109469075,0.026262626262626262
2022-11-22 20:45:00,4003.68,3979.037333333333,-0.08307334428024085,0.026262626262626262
2022-11-22 21:00:00,4003.58,3980.638,-0.06640667761357417,0.04292929292929293
2022-11-22 21:15:00,4003.58,3982.426,-0.05981327102016758,0.06792929292929294
2022-11-22 22:15:00,4003.58,3984.2140000000004,-0.055708793408227285,0.10237373737373738
2022-11-23 14:30:00,4011.74,3986.274,-0.0539846554771928,0.10388888888888889
2022-11-23 14:45:00,4022.56,3988.293333333333,-0.05065132214385947,0.07055555555555555
2022-11-23 15:00:00,4021.56,3990.29,-0.06731798881052614,0.08166666666666668
2022-11-23 15:15:00,4020.97,3991.9713333333334,-0.08731798881052615,0.09277777777777778
2022-11-23 15:30:00,4025.38,3993.6723333333334,-0.10731798881052614,0.09277777777777778
2022-11-23 15:45:00,4024.66,3995.4283333333337,-0.14065132214385948,0.12611111111111112
2022-11-23 16:00:00,4027.2,3996.9883333333332,-0.13509576658830388,0.12611111111111112
2022-11-23 16:15:00,4028.0,3998.6033333333335,-0.16287354436608167,0.12611111111111112
2022-11-23 16:30:00,4023.04,4000.1126666666664,-0.15454021103274834,0.15944444444444444
2022-11-23 16:45:00,4013.14,4001.3496666666665,-0.15731798881052614,0.15944444444444444
2022-11-23 17:00:00,4012.31,4002.503,-0.16565132214385947,0.15944444444444444
2022-11-23 17:15:00,4013.34,4003.660666666667,-0.1923179888105261,0.12611111111111112
2022-11-23 17:30:00,4012.9,4004.8083333333334,-0.20565132214385945,0.09277777777777778
2022-11-23 17:45:00,4005.41,4005.615,-0.19454021103274835,0.10944444444444444
2022-11-23 18:00:00,4006.07,4006.5203333333334,-0.18025449674703403,0.10944444444444444
2022-11-23 18:15:00,4008.27,4007.306333333333,-0.19692116341370072,0.14277777777777778
2022-11-23 18:30:00,4015.36,4008.214,-0.20803227452481185,0.14277777777777778
2022-11-23 18:45:00,4012.55,4009.061,-0.24136560785814518,0.14277777777777778
2022-11-23 19:00:00,4026.44,4010.2446666666665,-0.2246989411914785,0.15944444444444444
2022-11-23 19:15:00,4026.91,4011.5536666666667,-0.2469211634137007,0.15944444444444444
2022-11-23 19:30:00,4018.65,4012.526,-0.2358100523025896,0.2261111111111111
2022-11-23 19:45:00,4030.66,4013.808666666667,-0.24692116341370074,0.19277777777777777
2022-11-23 20:00:00,4029.38,4014.9809999999998,-0.2385878300803674,0.20944444444444443
2022-11-23 20:15:00,4030.22,4016.053333333333,-0.2635878300803674,0.20944444444444443
2022-11-23 20:30:00,4026.6,4016.9533333333334,-0.25803227452481187,0.1761111111111111
2022-11-23 20:45:00,4028.37,4017.8703333333333,-0.2846989411914785,0.14277777777777778
2022-11-23 21:00:00,4027.26,4018.6563333333334,-0.3180322745248118,0.1761111111111111
2022-11-23 21:15:00,4027.26,4019.4456666666665,-0.3413656078581451,0.17055555555555554
2022-11-23 21:45:00,4027.26,4020.2349999999997,-0.33800230449484187,0.17404040404040402
2022-11-25 14:30:00,4026.32,4020.993,-0.3337734487734488,0.13959595959595958
2022-11-25 14:45:00,4027.76,4021.527,-0.34488455988455985,0.14515151515151514
2022-11-25 15:00:00,4031.06,4021.8103333333333,-0.29488455988455986,0.14515151515151514
2022-11-25 15:15:00,4030.83,4022.1193333333335,-0.26631313131313133,0.13404040404040402
2022-11-25 16:00:00,4032.26,4022.495666666667,-0.25297979797979797,0.10626262626262627
2022-11-25 16:45:00,4030.46,4022.665,-0.2263131313131313,0.10626262626262627
2022-11-25 17:15:00,4027.43,4022.7573333333335,-0.2236815523657629,0.1007070707070707
2022-11-25 19:30:00,4026.12,4022.7213333333334,-0.23488084689839078,0.09515151515151515
2022-11-28 14:30:00,4009.58,4022.1073333333334,-0.2182141802317241,0.07848484848484848
2022-11-28 14:45:00,4006.01,4021.5396666666666,-0.23154751356505743,0.04515151515151515
2022-11-28 15:00:00,4001.35,4021.146666666667,-0.22043640245394633,0.04515151515151515
2022-11-28 15:15:00,3996.97,4020.635333333333,-0.22876973578727966,0.04515151515151515
2022-11-28 15:30:00,3999.43,4020.1716666666666,-0.22321418023172412,0.04515151515151515
2022-11-28 15:45:00,3989.46,4019.3903333333337,-0.22099195800950186,0.011818181818181816
2022-11-28 16:00:00,3988.5,4018.826666666667,-0.22099195800950186,-0.00484848484848485
2022-11-28 16:15:00,3991.76,4018.3496666666665,-0.22099195800950186,-0.00484848484848485
2022-11-28 16:30:00,3991.32,4017.784666666667,-0.2043252913428352,-0.00484848484848485
2022-11-28 16:45:00,3994.56,4017.0913333333333,-0.2043252913428352,-0.00484848484848485
2022-11-28 17:00:00,3988.09,4016.276,-0.19599195800950187,-0.00484848484848485
2022-11-28 17:15:00,3991.23,4015.1023333333333,-0.18765862467616853,-0.010404040404040407
2022-11-28 17:30:00,3993.16,4013.9773333333333,-0.22099195800950186,-0.010404040404040407
2022-11-28 17:45:00,3983.07,4012.7913333333336,-0.232103069120613,-0.04373737373737374
2022-11-28 18:00:00,3982.38,4011.182,-0.20988084689839076,-0.04373737373737374
2022-11-28 18:15:00,3983.59,4009.6556666666665,-0.20988084689839076,-0.11040404040404042
2022-11-28 18:30:00,3981.32,4008.025666666667,-0.17654751356505743,-0.11040404040404042
2022-11-28 18:45:00,3975.42,4006.3196666666668,-0.1654364024539463,-0.11040404040404042
2022-11-28 19:00:00,3967.98,4004.306666666667,-0.14876973578727964,-0.09373737373737374
2022-11-28 19:15:00,3964.78,4002.224,-0.14876973578727964,-0.1604040404040404
2022-11-28 19:30:00,3967.39,4000.2283333333335,-0.14210306912061296,-0.20484848484848486
2022-11-28 19:45:00,3967.21,3998.226666666667,-0.15444073145827533,-0.23333333333333334
2022-11-28 20:00:00,3963.35,3996.1276666666668,-0.15444073145827533,-0.21666666666666667
2022-11-28 20:15:00,3958.29,3993.812,-0.17666295368049753,-0.25
2022-11-28 20:30:00,3958.94,3991.408,-0.2322185092360531,-0.25
2022-11-28 20:45:00,3960.24,3989.0550000000003,-0.194123271140815,-0.25
2022-11-28 21:00:00,3963.94,3986.777666666667,-0.204123271140815,-0.26666666666666666
2022-11-28 21:15:00,3963.94,3984.5603333333333,-0.22897175598929984,-0.2833333333333333
2022-11-28 22:15:00,3963.94,3982.444,-0.21689745258372709,-0.30019157088122606
2022-11-29 14:30:00,3967.18,3980.4793333333337,-0.2195870469399881,-0.3279693486590038
2022-11-29 14:45:00,3959.58,3978.8126666666667,-0.208475935828877,-0.3113026819923371
2022-11-29 15:00:00,3966.56,3977.497666666667,-0.20347593582887702,-0.3113026819923371
2022-11-29 15:15:00,3967.22,3976.36,-0.1951426024955437,-0.3113026819923371
2022-11-29 15:30:00,3971.97,3975.5266666666666,-0.1951426024955437,-0.3446360153256705
2022-11-29 15:45:00,3967.48,3974.461666666667,-0.1673648247177659,-0.3446360153256705
2022-11-29 16:00:00,3949.6,3973.1330000000003,-0.1645870469399881,-0.3113026819923371
2022-11-29 16:15:00,3941.93,3971.5806666666667,-0.13125371360665478,-0.3113026819923371
2022-11-29 16:30:00,3945.28,3970.0313333333334,-0.12569815805109924,-0.3113026819923371
2022-11-29 16:45:00,3947.5,3968.5706666666665,-0.12014260249554366,-0.29463601532567046
2022-11-29 17:15:00,3947.6,3967.0053333333335,-0.14514260249554367,-0.29463601532567046
2022-11-29 17:30:00,3955.44,3965.9170000000004,-0.14236482471776588,-0.29463601532567046
2022-11-29 17:45:00,3954.31,3964.6863333333336,-0.12569815805109924,-0.3168582375478927
2022-11-29 18:00:00,3950.64,3963.2690000000002,-0.10347593582887701,-0.3168582375478927
2022-11-29 18:15:00,3948.89,3962.1296666666667,-0.10347593582887701,-0.3168582375478927
2022-11-29 18:30:00,3949.56,3961.035666666667,-0.07014260249554367,-0.3501915708812261
2022-11-29 18:45:00,3950.29,3959.9256666666665,-0.07014260249554367,-0.3279693486590038
2022-11-29 19:00:00,3961.84,3959.2763333333337,-0.0812537136066548,-0.3279693486590038
2022-11-29 19:15:00,3955.93,3958.6266666666666,-0.10347593582887701,-0.3446360153256705
2022-11-29 19:30:00,3950.42,3958.041333333333,-0.08680926916221035,-0.29463601532567046
2022-11-29 19:45:00,3949.37,3957.5276666666664,-0.03680926916221035,-0.26130268199233714
2022-11-29 20:00:00,3954.73,3957.105666666667,-0.05347593582887701,-0.2279693486590038
2022-11-29 20:15:00,3951.77,3956.5910000000003,-0.003475935828877012,-0.1946360153256705
2022-11-29 20:30:00,3954.18,3956.2853333333333,-0.03680926916221035,-0.21130268199233715
2022-11-29 20:45:00,3952.67,3956.098,0.013190730837789655,-0.17796934865900382
2022-11-29 21:00:00,3957.63,3956.0543333333335,0.04652406417112298,-0.18908045977011495
2022-11-29 21:15:00,3957.63,3955.967333333333,0.017952635599694414,-0.18908045977011495
2022-11-29 22:30:00,3957.63,3955.7569999999996,0.03423394581164046,-0.15925589836660617
2022-11-30 14:30:00,3952.66,3955.381,0.04130465288234753,-0.12592256503327284
2022-11-30 14:45:00,3955.47,3955.0986666666668,0.04326543719607302,-0.15350877192982454
2022-11-30 15:00:00,3954.16,3954.6646666666666,0.051598770529406354,-0.15350877192982454
2022-11-30 15:15:00,3948.89,3954.3083333333334,0.04048765941829525,-0.12017543859649123
2022-11-30 15:30:00,3947.4,3953.6696666666667,0.03929718322781906,-0.12850877192982454
2022-11-30 16:00:00,3949.09,3953.065333333333,0.026201945132580964,-0.16184210526315787
2022-11-30 16:15:00,3951.94,3952.3976666666663,0.015090834021469851,-0.12850877192982454
2022-11-30 16:30:00,3957.16,3952.0536666666667,0.015090834021469853,-0.12850877192982454
2022-11-30 16:45:00,3956.45,3952.2819999999997,0.023424167354803186,-0.12850877192982454
2022-11-30 17:00:00,3951.78,3952.610333333333,0.0012019451325809634,-0.09517543859649122
2022-11-30 17:15:00,3942.51,3952.5180000000005,-0.02935361042297459,-0.12850877192982454
2022-11-30 17:30:00,3939.04,3952.236,-0.012686943756307927,-0.17850877192982456
2022-11-30 17:45:00,3944.72,3952.14,0.00397972291035874,-0.21184210526315791
2022-11-30 18:00:00,3950.91,3951.989,-0.02379805486741904,-0.21184210526315791
2022-11-30 18:15:00,3950.39,3951.858333333333,0.0012019451325809617,-0.21739766081871345
2022-11-30 18:30:00,3986.09,3953.04,0.003979722910358739,-0.25073099415204675
2022-11-30 18:45:00,3982.29,3954.153333333333,-0.0043536104229745945,-0.272953216374269
2022-11-30 19:00:00,4013.8,3956.2946666666667,-0.03768694375630793,-0.23961988304093568
2022-11-30 19:15:00,4033.72,3959.0756666666666,-0.015464721534085709,-0.21184210526315791
2022-11-30 19:30:00,4028.94,3961.3123333333333,-0.03768694375630793,-0.21184210526315791
2022-11-30 19:45:00,4031.79,3963.841,-0.002131388200752375,-0.19517543859649125
2022-11-30 20:00:00,4044.82,3966.987666666667,-0.008798054867419042,-0.22850877192982458
2022-11-30 20:15:00,4053.66,3970.4640000000004,-0.029631388200752375,-0.22850877192982458
2022-11-30 22:15:00,4080.11,3974.6433333333334,-0.015134346780634031,-0.2368421052631579
2022-12-01 14:30:00,4085.1,3979.0876666666663,-0.0318010134473007,-0.22573099415204678
2022-12-01 14:45:00,4096.68,3983.837666666667,0.001532319886032633,-0.19239766081871343
2022-12-01 15:00:00,4082.82,3988.176,-0.02068990233618959,-0.1590643274853801
2022-12-01 15:15:00,4056.87,3991.4839999999995,-0.015134346780634033,-0.147953216374269
2022-12-01 15:30:00,4058.29,3994.839333333334,-0.019896251542538792,-0.18128654970760233
2022-12-01 15:45:00,4072.2,3998.6583333333333,-0.019510895087818177,-0.19444444444444445
2022-12-01 16:00:00,4075.69,4002.7593333333334,-0.012566450643373733,-0.23333333333333334
2022-12-01 16:15:00,4069.56,4006.5623333333333,-0.0192331173100404,-0.2
2022-12-01 16:30:00,4072.26,4010.4989999999993,0.014100216023292932,-0.13333333333333333
2022-12-01 16:45:00,4070.21,4014.5429999999997,-0.008122006198929287,-0.16666666666666666
2022-12-01 17:00:00,4060.79,4018.3226666666665,0.0014018033248802352,-0.15833333333333333
2022-12-01 17:15:00,4069.01,4022.32,-0.0005029585798816701,-0.09166666666666666
2022-12-01 17:30:00,4075.4,4026.4353333333333,0.01060815253122944,-0.125
2022-12-01 17:45:00,4074.54,4030.348,0.03727481919789611,-0.125
2022-12-01 18:00:00,4080.77,4034.4919999999997,0.023941485864562777,-0.125
2022-12-01 18:15:00,4070.1,4038.436,-0.02050295857988167,-0.19166666666666668
2022-12-01 18:30:00,4070.79,4042.712,-0.028836291913215004,-0.15833333333333333
2022-12-01 18:45:00,4072.77,4047.1696666666667,-0.07328073635765944,-0.125
2022-12-01 19:00:00,4068.97,4051.311333333333,-0.053836291913215,-0.125
2022-12-01 19:15:00,4074.44,4055.4289999999996,-0.07050295857988167,-0.125
2022-12-01 19:30:00,4078.33,4059.6936666666666,-0.12605851413543723,-0.10833333333333334
2022-12-01 19:45:00,4082.91,4062.9210000000003,-0.15105851413543722,-0.09722222222222222
2022-12-01 20:00:00,4084.65,4066.333,-0.13439184746877056,-0.075
2022-12-01 20:15:00,4075.08,4068.375666666667,-0.13439184746877056,-0.041666666666666664
2022-12-01 20:30:00,4081.75,4069.976666666667,-0.1899474030243261,-0.058333333333333334
2022-12-01 20:45:00,4078.52,4071.6293333333333,-0.17089978397670708,-0.058333333333333334
2022-12-01 21:15:00,4076.57,4073.1220000000003,-0.18679721987414294,-0.052777777777777785
2022-12-01 22:15:00,4076.57,4074.1803333333332,-0.18727341035033343,-0.07048611111111111
2022-12-02 14:30:00,4040.36,4073.737,-0.20532896590588898,-0.10381944444444445
2022-12-02 14:45:00,4029.68,4072.0559999999996,-0.23649267399267396,-0.09548611111111112
2022-12-02 15:00:00,4035.18,4070.3920000000003,-0.26744505494505494,-0.12326388888888888
2022-12-02 15:30:00,4044.73,4068.6603333333333,-0.2924450549450549,-0.12326388888888888
2022-12-02 15:45:00,4049.4,4067.546333333333,-0.32022283272283275,-0.15659722222222222
2022-12-02 16:00:00,4041.49,4067.033666666667,-0.3618894993894994,-0.18993055555555557
2022-12-02 16:15:00,4045.42,4066.6046666666666,-0.3952228327228327,-0.15659722222222222
2022-12-02 16:30:00,4055.49,4066.047666666667,-0.3952228327228327,-0.13993055555555556
2022-12-02 16:45:00,4058.12,4065.462,-0.39105616605616605,-0.15104166666666666
2022-12-02 17:00:00,4061.73,4065.201,-0.3843894993894994,-0.15104166666666666
2022-12-02 17:15:00,4059.76,4064.784333333334,-0.4177228327228327,-0.184375
2022-12-02 17:30:00,4051.64,4064.1653333333334,-0.38438949938949935,-0.21770833333333334
2022-12-02 17:45:00,4053.71,4063.9293333333335,-0.3732783882783883,-0.21770833333333334
2022-12-02 18:00:00,4047.47,4063.211333333333,-0.34994505494505496,-0.25104166666666666
2022-12-02 18:15:00,4050.95,4062.396333333333,-0.34994505494505496,-0.25104166666666666
2022-12-02 18:30:00,4050.55,4061.5966666666664,-0.37661172161172163,-0.25104166666666666
2022-12-02 18:45:00,4055.48,4060.7536666666665,-0.3632783882783883,-0.284375
2022-12-02 19:00:00,4050.42,4060.0976666666666,-0.31327838827838833,-0.25104166666666666
2022-12-02 19:15:00,4054.27,4059.547,-0.279945054945055,-0.25104166666666666
2022-12-02 19:30:00,4053.85,4058.9163333333336,-0.25772283272283275,-0.284375
2022-12-02 19:45:00,4062.65,4058.7056666666667,-0.3021672771672772,-0.25104166666666666
2022-12-02 20:00:00,4076.02,4058.758333333333,-0.28550061050061054,-0.25104166666666666
2022-12-02 20:15:00,4074.5,4058.6306666666665,-0.27994505494505495,-0.25104166666666666
2022-12-02 20:30:00,4065.78,4058.0596666666665,-0.2716117216117216,-0.22881944444444444
2022-12-02 20:45:00,4067.38,4057.484,-0.2632783882783883,-0.22881944444444444
2022-12-02 21:00:00,4071.7,4057.3713333333335,-0.2632783882783883,-0.2732638888888889
2022-12-02 21:15:00,4071.7,4057.036333333333,-0.2632783882783883,-0.2732638888888889
2022-12-02 22:00:00,4071.7,4056.8089999999997,-0.2514169164169164,-0.2768353174603175
2022-12-05 14:30:00,4051.34,4055.968,-0.26551948051948054,-0.30461309523809527
2022-12-05 14:45:00,4041.11,4054.7859999999996,-0.26670995670995673,-0.32023809523809527
2022-12-05 15:00:00,4028.0,4054.3739999999993,-0.2644877344877345,-0.2702380952380953
2022-12-05 15:15:00,4029.75,4054.376333333333,-0.20893217893217894,-0.28690476190476194
2022-12-05 15:30:00,4033.94,4054.3349999999996,-0.20797979797979801,-0.3035714285714286
2022-12-05 15:45:00,4034.12,4053.9813333333336,-0.182979797979798,-0.33690476190476193
2022-12-05 16:00:00,4036.66,4053.5566666666664,-0.14964646464646467,-0.33690476190476193
2022-12-05 16:15:00,4027.0,4053.073666666666,-0.132979797979798,-0.3035714285714286
2022-12-05 16:30:00,4021.99,4052.2926666666667,-0.13297979797979798,-0.33690476190476193
2022-12-05 16:45:00,4019.28,4051.0856666666664,-0.145479797979798,-0.33690476190476193
2022-12-05 17:00:00,4014.14,4049.6196666666665,-0.145479797979798,-0.2702380952380953
2022-12-05 17:15:00,4019.82,4048.222666666667,-0.17047979797979798,-0.2702380952380953
2022-12-05 17:30:00,4010.87,4046.593,-0.2038131313131313,-0.2702380952380953
2022-12-05 17:45:00,4006.77,4045.097333333333,-0.22603535353535353,-0.2035714285714286
2022-12-05 18:00:00,4007.74,4043.565,-0.21492424242424243,-0.2035714285714286
2022-12-05 18:15:00,4005.74,4042.174,-0.2427020202020202,-0.2146825396825397
2022-12-05 18:30:00,4009.36,4040.7876666666666,-0.2315909090909091,-0.18134920634920634
2022-12-05 18:45:00,4002.04,4039.1706666666664,-0.24825757575757576,-0.18134920634920634
2022-12-05 19:00:00,3993.68,4037.110666666667,-0.24825757575757576,-0.14801587301587302
2022-12-05 19:15:00,3991.77,4035.155666666667,-0.27825757575757576,-0.18134920634920634
2022-12-05 19:30:00,3989.72,4033.004,-0.27825757575757576,-0.18134920634920634
2022-12-05 19:45:00,3990.36,4030.8876666666665,-0.2893686868686869,-0.18134920634920634
2022-12-05 20:00:00,3994.3,4028.6093333333333,-0.25603535353535356,-0.18134920634920634
2022-12-05 20:15:00,3993.14,4025.8466666666664,-0.2727020202020202,-0.18134920634920634
2022-12-05 20:30:00,3994.67,4023.1856666666663,-0.25603535353535356,-0.2146825396825397
2022-12-05 20:45:00,3996.98,4020.8923333333337,-0.23103535353535357,-0.2146825396825397
2022-12-05 21:00:00,3998.84,4018.6076666666663,-0.24770202020202023,-0.24801587301587302
2022-12-05 21:15:00,3998.84,4016.1789999999996,-0.2602020202020202,-0.2702380952380953
2022-12-05 22:00:00,3998.84,4013.750333333333,-0.23040069569870894,-0.2753663003663004
2022-12-06 14:30:00,3990.84,4011.0550000000003,-0.23908756438557763,-0.2917948717948718
2022-12-06 14:45:00,3977.04,4008.5783333333334,-0.24464311994113322,-0.26957264957264954
2022-12-06 15:00:00,3965.4,4006.0546666666664,-0.26130978660779985,-0.23623931623931627
2022-12-06 15:15:00,3968.5,4004.0713333333333,-0.24130978660779986,-0.25290598290598293
2022-12-06 15:30:00,3951.98,4001.4790000000003,-0.28575423105224435,-0.26957264957264954
2022-12-06 15:45:00,3956.66,3998.903,-0.2668653421633554,-0.23623931623931627
2022-12-06 16:00:00,3959.7,3996.4223333333334,-0.2668653421633554,-0.23623931623931627
2022-12-06 16:15:00,3954.67,3993.6893333333337,-0.2751986754966887,-0.23623931623931627
2022-12-06 16:30:00,3953.29,3991.2323333333334,-0.2668653421633554,-0.23623931623931627
2022-12-06 16:45:00,3954.85,3988.9943333333335,-0.23353200883002206,-0.23623931623931627
2022-12-06 17:00:00,3952.75,3986.7766666666666,-0.2358468236448369,-0.23623931623931627
2022-12-06 17:30:00,3946.61,3984.525666666667,-0.2691801569781702,-0.26957264957264954
2022-12-06 17:45:00,3943.6,3981.9849999999997,-0.24418015697817022,-0.26957264957264954
2022-12-06 18:00:00,3934.26,3979.4313333333334,-0.2241801569781702,-0.26957264957264954
2022-12-06 18:15:00,3931.65,3976.927333333333,-0.2130690458670591,-0.33623931623931624
2022-12-06 18:30:00,3936.53,3974.5536666666667,-0.21862460142261467,-0.33623931623931624
2022-12-06 18:45:00,3932.65,3972.1173333333336,-0.2008468236448369,-0.3584615384615385
2022-12-06 19:00:00,3927.05,3969.3736666666664,-0.22029126808928137,-0.3917948717948718
2022-12-06 19:15:00,3927.0,3966.8723333333337,-0.19251349031150358,-0.3917948717948718
2022-12-06 19:30:00,3924.13,3964.5539999999996,-0.2008468236448369,-0.4084615384615385
2022-12-06 19:45:00,3928.79,3962.454666666667,-0.2041801569781702,-0.37512820512820516
2022-12-06 20:00:00,3927.94,3960.3953333333334,-0.2208468236448369,-0.4084615384615385
2022-12-06 20:15:00,3924.66,3958.2053333333333,-0.20973571253372578,-0.37512820512820516
2022-12-06 20:30:00,3933.21,3956.1690000000003,-0.23195793475594803,-0.3584615384615385
2022-12-06 20:45:00,3938.08,3954.333666666667,-0.21529126808928137,-0.3584615384615385
2022-12-06 21:00:00,3941.26,3952.5533333333337,-0.19862460142261468,-0.3584615384615385
2022-12-06 21:15:00,3941.26,3950.6959999999995,-0.20888101167902492,-0.37512820512820516
2022-12-06 22:15:00,3941.26,3948.7766666666666,-0.21138582863470892,-0.360422322775264
2022-12-07 14:30:00,3947.79,3947.075,-0.19888582863470894,-0.32708898944193066
2022-12-07 14:45:00,3930.72,3944.8043333333335,-0.1620204864713535,-0.3552941176470588
2022-12-07 15:00:00,3928.6,3942.7296666666666,-0.1309093753602424,-0.3352941176470588
2022-12-07 15:15:00,3937.07,3941.3973333333333,-0.10868715313802019,-0.3352941176470588
2022-12-07 15:30:00,3939.14,3940.522,-0.09202048647135351,-0.3464052287581699
2022-12-07 15:45:00,3952.64,3939.9933333333333,-0.09202048647135351,-0.357516339869281
2022-12-07 16:00:00,3945.12,3939.764666666667,-0.036464930915797965,-0.3130718954248366
2022-12-07 16:15:00,3929.75,3938.8676666666665,-0.06424270869357575,-0.2797385620915033
2022-12-07 16:30:00,3932.99,3937.9773333333333,-0.07257604202690908,-0.24640522875816992
2022-12-07 16:45:00,3933.07,3937.2573333333335,-0.06424270869357575,-0.24640522875816995
2022-12-07 17:00:00,3935.87,3936.6766666666667,-0.07535381980468686,-0.24640522875816995
2022-12-07 17:15:00,3934.29,3935.9913333333334,-0.07535381980468686,-0.21307189542483662
2022-12-07 17:30:00,3934.75,3935.3913333333335,-0.02720567165653871,-0.24640522875816995
2022-12-07 17:45:00,3939.64,3935.159,0.006127661676794623,-0.2797385620915033
2022-12-07 18:00:00,3939.45,3935.020666666667,0.006127661676794623,-0.2797385620915033
2022-12-07 18:15:00,3943.19,3935.3183333333336,-0.013872338323205375,-0.2797385620915033
2022-12-07 18:30:00,3940.5,3935.6133333333337,0.008349883899016844,-0.2797385620915033
2022-12-07 18:45:00,3932.99,3935.4953333333333,-0.024983449434316487,-0.3130718954248366
2022-12-07 19:00:00,3930.55,3935.425333333333,-0.03165011610098315,-0.2797385620915033
2022-12-07 19:15:00,3932.7,3935.613666666666,-0.03998344943431649,-0.21307189542483662
2022-12-07 19:30:00,3936.52,3935.931,-0.08442789387876094,-0.24640522875816995
2022-12-07 19:45:00,3930.03,3936.1276666666668,-0.09831678276764982,-0.22973856209150328
2022-12-07 20:00:00,3926.68,3936.057333333333,-0.07331678276764982,-0.2630718954248366
2022-12-07 20:30:00,3929.66,3936.114666666667,-0.08998344943431649,-0.22973856209150328
2022-12-07 20:45:00,3934.76,3936.4513333333334,-0.09831678276764982,-0.2630718954248366
2022-12-07 21:15:00,3933.92,3936.475,-0.07424270869357574,-0.30830999066293185
2022-12-07 22:15:00,3933.92,3936.336333333333,-0.06076965480136018,-0.3056072879602292
2022-12-08 14:30:00,3943.63,3936.4153333333334,-0.08854743257913794,-0.25560728796022913
2022-12-08 14:45:00,3960.53,3937.057666666667,-0.0782910223227277,-0.23894062129356244
2022-12-08 15:00:00,3965.36,3937.861,-0.10078620536704369,-0.20364650364650363
2022-12-08 15:15:00,3971.9,3938.6646666666666,-0.08411953870037703,-0.20364650364650363
2022-12-08 15:30:00,3968.69,3939.9303333333332,-0.11745287203371037,-0.1703131703131703
2022-12-08 15:45:00,3970.25,3941.3186666666666,-0.12634176092259924,-0.18697983697983697
2022-12-08 16:00:00,3959.33,3942.0606666666667,-0.1207862053670437,-0.18697983697983697
2022-12-08 16:15:00,3956.45,3942.637666666667,-0.11245287203371036,-0.19253539253539254
2022-12-08 16:30:00,3960.09,3942.886,-0.11800842758926591,-0.18142428142428144
2022-12-08 16:45:00,3963.65,3943.5036666666665,-0.1846750942559326,-0.19253539253539254
2022-12-08 17:00:00,3962.82,3944.6059999999998,-0.17078620536704367,-0.22586872586872586
2022-12-08 17:15:00,3956.81,3945.4,-0.13745287203371034,-0.22586872586872586
2022-12-08 17:30:00,3956.31,3946.1746666666663,-0.13745287203371034,-0.22586872586872586
2022-12-08 17:45:00,3959.2,3946.9523333333336,-0.14856398314482147,-0.22586872586872586
2022-12-08 18:00:00,3960.87,3947.838333333333,-0.1318973164781548,-0.22586872586872586
2022-12-08 18:15:00,3961.57,3948.732333333333,-0.16523064981148813,-0.19253539253539254
2022-12-08 18:30:00,3972.69,3949.834,-0.17634176092259926,-0.12586872586872586
2022-12-08 18:45:00,3966.32,3950.7296666666666,-0.1513417609225992,-0.12586872586872586
2022-12-08 19:00:00,3950.71,3950.980333333333,-0.14023064981148814,-0.12586872586872586
2022-12-08 19:15:00,3957.35,3951.542,-0.1735639831448215,-0.09253539253539253
2022-12-08 19:30:00,3957.49,3952.358666666667,-0.1735639831448215,-0.05920205920205921
2022-12-08 19:45:00,3960.47,3953.356,-0.20689731647815482,-0.05920205920205921
2022-12-08 20:00:00,3957.56,3954.184666666667,-0.18189731647815482,-0.12586872586872586
2022-12-08 20:15:00,3963.01,3955.067666666667,-0.14856398314482147,-0.10364650364650366
2022-12-08 20:30:00,3958.56,3956.0186666666664,-0.12634176092259924,-0.10364650364650367
2022-12-08 20:45:00,3963.08,3957.2320000000004,-0.1680084275892659,-0.07031317031317033
2022-12-08 21:00:00,3963.51,3958.360333333333,-0.14578620536704368,-0.10364650364650367
2022-12-08 21:15:00,3963.51,3959.3186666666666,-0.13467509425593258,-0.03697983697983699
2022-12-08 22:00:00,3963.51,3960.305,-0.14097139055222888,-0.002206858020811516
2022-12-09 14:30:00,3958.04,3961.109,-0.15444444444444444,-0.038242894056847554
2022-12-09 14:45:00,3955.0,3961.488,-0.14333333333333337,-0.054909560723514224
2022-12-09 15:00:00,3959.8,3961.463666666666,-0.14333333333333337,-0.054909560723514224
2022-12-09 15:15:00,3954.62,3961.105666666667,-0.11833333333333335,-0.06046511627906978
2022-12-09 15:30:00,3963.82,3960.836333333333,-0.15166666666666667,-0.09379844961240312
2022-12-09 15:45:00,3966.37,3960.759,-0.13499999999999998,-0.09379844961240312
2022-12-09 16:00:00,3965.78,3960.61,-0.14611111111111114,-0.07713178294573646
2022-12-09 16:15:00,3968.89,3960.9286666666667,-0.1469047619047619,-0.07713178294573646
2022-12-09 16:30:00,3965.41,3961.2273333333337,-0.15801587301587303,-0.06046511627906978
2022-12-09 16:45:00,3974.88,3961.720333333333,-0.1635714285714286,-0.09379844961240312
2022-12-09 17:00:00,3974.53,3962.0829999999996,-0.13023809523809524,-0.09379844961240312
2022-12-09 17:15:00,3968.64,3962.277,-0.133015873015873,-0.10213178294573645
2022-12-09 17:30:00,3970.12,3962.720666666667,-0.16634920634920636,-0.10213178294573645
2022-12-09 17:45:00,3967.03,3963.0780000000004,-0.18301587301587302,-0.10213178294573645
2022-12-09 18:00:00,3957.95,3963.036333333333,-0.1607936507936508,-0.1354651162790698
2022-12-09 18:15:00,3957.22,3962.9146666666666,-0.21079365079365078,-0.1354651162790698
2022-12-09 18:30:00,3961.35,3962.9073333333336,-0.2441269841269841,-0.1354651162790698
2022-12-09 18:45:00,3959.6,3962.471,-0.19968253968253968,-0.16879844961240312
2022-12-09 19:00:00,3954.37,3962.0726666666665,-0.23579365079365078,-0.16879844961240312
2022-12-09 19:15:00,3959.29,3962.358666666667,-0.23579365079365078,-0.20213178294573644
2022-12-09 19:30:00,3958.85,3962.4086666666667,-0.22468253968253968,-0.20213178294573644
2022-12-09 19:45:00,3961.27,3962.5346666666665,-0.20801587301587302,-0.2354651162790698
2022-12-09 20:00:00,3958.9,3962.482333333333,-0.14134920634920636,-0.2354651162790698
2022-12-09 20:15:00,3956.01,3962.4306666666666,-0.18301587301587302,-0.20213178294573644
2022-12-09 20:30:00,3943.88,3961.793,-0.18301587301587302,-0.2243540051679587
2022-12-09 20:45:00,3936.2,3961.047666666667,-0.18301587301587302,-0.2243540051679587
2022-12-09 21:00:00,3934.38,3960.091,-0.1496825396825397,-0.2465762273901809
2022-12-09 21:15:00,3934.38,3959.1200000000003,-0.14227513227513228,-0.2354651162790698
2022-12-09 22:15:00,3934.38,3958.149,-0.15027889875347503,-0.2715762273901809
2022-12-12 14:30:00,3938.61,3957.3190000000004,-0.16250112097569727,-0.2777777777777778
2022-12-12 14:45:00,3944.75,3956.8759999999997,-0.16250112097569727,-0.26666666666666666
2022-12-12 15:00:00,3945.28,3956.552,-0.15416778764236394,-0.26666666666666666
2022-12-12 15:15:00,3945.43,3956.073,-0.15416778764236394,-0.26666666666666666
2022-12-12 15:30:00,3943.89,3955.715333333333,-0.16250112097569727,-0.2777777777777778
2022-12-12 15:45:00,3945.38,3955.1006666666667,-0.1458344543090306,-0.2611111111111111
2022-12-12 16:00:00,3952.51,3954.6386666666663,-0.16250112097569727,-0.2611111111111111
2022-12-12 16:15:00,3955.17,3954.2850000000003,-0.1708344543090306,-0.2611111111111111
2022-12-12 16:30:00,3952.29,3953.7316666666666,-0.15892969240426869,-0.2611111111111111
2022-12-12 16:45:00,3954.14,3953.356,-0.14781858129315759,-0.2611111111111111
2022-12-12 17:00:00,3953.79,3952.653,-0.13670747018204646,-0.2277777777777778
2022-12-12 17:15:00,3953.68,3951.958,-0.13670747018204646,-0.2277777777777778
2022-12-12 17:30:00,3959.35,3951.6483333333335,-0.12004080351537978,-0.21944444444444447
2022-12-12 18:00:00,3955.35,3951.156,-0.11170747018204645,-0.18611111111111114
2022-12-12 18:15:00,3954.36,3950.7336666666665,-0.07837413684871312,-0.18611111111111114
2022-12-12 18:30:00,3958.41,3950.7490000000003,-0.067263025737602,-0.1527777777777778
2022-12-12 18:45:00,3959.47,3950.824,-0.022818581293157565,-0.11944444444444446
2022-12-12 19:00:00,3956.01,3950.646,0.010514752040175764,-0.13611111111111113
2022-12-12 19:15:00,3959.31,3950.6363333333334,-0.02281858129315757,-0.13611111111111113
2022-12-12 19:30:00,3960.34,3950.8353333333334,0.004959196484620208,-0.1027777777777778
2022-12-12 19:45:00,3969.16,3951.164333333333,-0.006151914626490903,-0.1027777777777778
2022-12-12 20:00:00,3977.1,3951.7726666666667,-0.039485247959824235,-0.06944444444444446
2022-12-12 20:15:00,3983.23,3952.5046666666667,-0.04504080351537979,-0.00277777777777779
2022-12-12 20:30:00,3984.35,3953.3530000000005,-0.07837413684871312,-0.00277777777777779
2022-12-12 20:45:00,3988.52,3954.4366666666665,-0.04504080351537979,-0.00277777777777779
2022-12-12 21:00:00,3990.56,3955.9926666666665,-0.04504080351537979,0.030555555555555544
2022-12-12 21:15:00,3990.56,3957.8046666666664,-0.04781858129315757,0.030555555555555544
2022-12-12 22:15:00,3990.56,3959.6773333333335,-0.049457925555452656,0.0505050505050505
2022-12-13 14:30:00,4082.66,3964.6200000000003,-0.03325422185174895,0.08383838383838382
2022-12-13 14:45:00,4097.25,3970.049,-0.044694899817850645,0.08661616161616159
2022-12-13 15:00:00,4080.47,3974.777666666667,-0.06136156648451731,0.053282828282828265
2022-12-13 15:15:00,4057.37,3978.5316666666668,-0.07247267759562842,0.07550505050505049
2022-12-13 15:30:00,4043.45,3981.8039999999996,-0.09562082574377656,0.08383838383838382
2022-12-13 15:45:00,4044.55,3985.108,-0.09562082574377656,0.08383838383838382
2022-12-13 16:00:00,4048.14,3988.583,-0.09839860352155434,0.10050505050505049
2022-12-13 16:15:00,4044.44,3991.885,-0.09839860352155434,0.11717171717171716
2022-12-13 16:30:00,4051.64,3995.1893333333337,-0.09284304796599879,0.11717171717171716
2022-12-13 16:45:00,4019.87,3997.3459999999995,-0.0789541590771099,0.10050505050505049
2022-12-13 17:00:00,4015.45,3999.451333333333,-0.08450971463266546,0.10050505050505049
2022-12-13 17:15:00,4008.08,4001.249333333333,-0.07617638129933213,0.1338383838383838
2022-12-13 17:30:00,4007.02,4003.023666666667,-0.07617638129933213,0.1338383838383838
2022-12-13 17:45:00,3999.01,4004.5346666666665,-0.0678430479659988,0.1338383838383838
2022-12-13 18:00:00,4006.05,4006.0913333333333,-0.080065270188221,0.16717171717171717
2022-12-13 18:15:00,4017.43,4008.160666666667,-0.11339860352155434,0.1338383838383838
2022-12-13 18:30:00,4015.64,4010.2033333333334,-0.13839860352155434,0.1338383838383838
2022-12-13 18:45:00,4010.73,4011.947333333333,-0.17173193685488766,0.1505050505050505
2022-12-13 19:00:00,4013.57,4013.7506666666663,-0.14950971463266546,0.11717171717171716
2022-12-13 19:15:00,4015.2,4015.7236666666668,-0.16617638129933213,0.1338383838383838
2022-12-13 19:30:00,4022.93,4017.8443333333335,-0.17284304796599878,0.1338383838383838
2022-12-13 19:45:00,4013.49,4019.616,-0.17284304796599878,0.10050505050505049
2022-12-13 20:00:00,4004.01,4020.777666666667,-0.10617638129933213,0.10050505050505049
2022-12-13 20:15:00,4016.86,4022.103,-0.08712876225171308,0.06717171717171716
2022-12-13 20:30:00,4018.41,4023.275666666667,-0.11490654002949086,0.03383838383838382
2022-12-13 20:45:00,4021.22,4024.5046666666667,-0.13157320669615752,0.03383838383838382
2022-12-13 21:00:00,4019.65,4025.5423333333333,-0.16490654002949084,0.022727272727272714
2022-12-13 21:15:00,4019.65,4026.5119999999997,-0.17157320669615753,0.022727272727272714
2022-12-13 22:00:00,4019.65,4027.4816666666666,-0.17127161939457022,0.021308833010960655
2022-12-14 14:30:00,4030.09,4028.7993333333334,-0.17629894179894182,0.023581560283687925
2022-12-14 14:45:00,4037.95,4027.3089999999997,-0.17213227513227514,-0.020862884160756514
2022-12-14 15:00:00,4042.0,4025.467333333333,-0.17213227513227514,-0.004196217494089849
2022-12-14 15:15:00,4041.72,4024.1756666666665,-0.13046560846560848,0.029137115839243485
2022-12-14 15:30:00,4040.77,4023.6223333333332,-0.11379894179894179,0.06247044917257682
2022-12-14 15:45:00,4041.7,4023.564,-0.09422222222222222,0.02080378250591015
2022-12-14 16:00:00,4043.53,4023.5299999999997,-0.09755555555555556,0.02080378250591015
2022-12-14 16:15:00,4046.31,4023.4689999999996,-0.08644444444444445,0.004137115839243485
2022-12-14 16:30:00,4048.77,4023.6133333333332,-0.08644444444444445,0.004137115839243485
2022-12-14 16:45:00,4043.67,4023.3476666666666,-0.11104761904761903,0.004137115839243485
2022-12-14 17:00:00,4040.48,4024.0346666666665,-0.12326984126984127,0.02080378250591015
2022-12-14 17:15:00,4039.32,4024.8303333333333,-0.13438095238095238,-0.012529550827423182
2022-12-14 17:30:00,4040.96,4025.926333333334,-0.15104761904761904,-0.04586288416075652
2022-12-14 17:45:00,4037.41,4026.9393333333333,-0.17326984126984127,-0.04586288416075652
2022-12-14 18:00:00,4042.69,4028.3953333333334,-0.18636507936507934,-0.04586288416075652
2022-12-14 18:15:00,4040.62,4029.5476666666664,-0.19636507936507935,-0.07919621749408985
2022-12-14 18:30:00,4051.27,4030.675666666667,-0.163031746031746,-0.04586288416075652
2022-12-14 18:45:00,4050.81,4031.8479999999995,-0.17136507936507933,-0.04586288416075652
2022-12-14 19:00:00,3996.99,4031.39,-0.12533333333333335,-0.06252955082742319
2022-12-14 19:15:00,4001.15,4030.976,-0.12533333333333332,-0.06252955082742319
2022-12-14 19:30:00,3982.84,4029.8973333333333,-0.10866666666666666,-0.06252955082742319
2022-12-14 19:45:00,3988.39,4028.746,-0.12422222222222222,-0.09586288416075651
2022-12-14 20:00:00,4023.95,4029.0946666666664,-0.14755555555555555,-0.12919621749408985
2022-12-14 20:15:00,4004.98,4029.127,-0.19755555555555557,-0.09586288416075651
2022-12-14 20:30:00,3988.44,4028.1796666666664,-0.2166031746031746,-0.09586288416075651
2022-12-14 20:45:00,3998.96,4027.5313333333334,-0.19993650793650794,-0.06252955082742319
2022-12-14 21:00:00,3995.32,4026.6679999999997,-0.18326984126984128,-0.09586288416075651
2022-12-14 21:15:00,3995.32,4025.8570000000004,-0.16508802308802306,-0.09308510638297873
2022-12-14 22:00:00,3995.32,4025.0460000000003,-0.16196745571213655,-0.10771925272444215
2022-12-15 14:30:00,3939.18,4022.3636666666666,-0.14615793190261275,-0.12296747967479676
2022-12-15 14:45:00,3920.99,4018.727,-0.1594912652359461,-0.12296747967479676
2022-12-15 15:00:00,3910.87,4014.4910000000004,-0.18726904301372385,-0.10630081300813009
2022-12-15 15:15:00,3911.28,4010.133666666667,-0.18060237634705717,-0.1563008130081301
2022-12-15 15:30:00,3916.32,4005.953666666667,-0.1944912652359461,-0.18963414634146342
2022-12-15 15:45:00,3904.86,4001.423333333333,-0.18338015412483497,-0.25630081300813007
2022-12-15 16:00:00,3902.82,3996.7940000000003,-0.1881420588867397,-0.22296747967479677
2022-12-15 16:15:00,3896.29,3991.886,-0.2048087255534064,-0.25630081300813007
2022-12-15 16:30:00,3895.19,3986.8486666666668,-0.17147539222007305,-0.25630081300813007
2022-12-15 16:45:00,3891.99,3981.622666666667,-0.1848087255534064,-0.28963414634146345
2022-12-15 17:00:00,3893.46,3976.6156666666666,-0.19076110650578737,-0.3229674796747968
2022-12-15 17:15:00,3895.58,3971.785666666667,-0.17576110650578736,-0.3563008130081301
2022-12-15 17:30:00,3897.93,3967.0726666666665,-0.18131666206134292,-0.3229674796747968
2022-12-15 17:45:00,3888.51,3961.991,-0.1729833287280096,-0.3229674796747968
2022-12-15 18:00:00,3882.99,3956.8436666666666,-0.16187221761689846,-0.3229674796747968
2022-12-15 18:15:00,3881.72,3951.478,-0.1637769795216604,-0.3563008130081301
2022-12-15 18:30:00,3886.79,3946.3503333333338,-0.1471103128549937,-0.3896341463414634
2022-12-15 18:45:00,3884.69,3940.797666666667,-0.1471103128549937,-0.4563008130081301
2022-12-15 19:00:00,3883.18,3935.21,-0.13044364618832704,-0.4896341463414634
2022-12-15 19:15:00,3882.43,3931.3913333333335,-0.17091983666451754,-0.5063008130081301
2022-12-15 19:30:00,3896.31,3927.896666666667,-0.20425316999785087,-0.5063008130081301
2022-12-15 19:45:00,3899.08,3925.1046666666666,-0.19314205888673974,-0.5063008130081301
2022-12-15 20:00:00,3903.83,3922.2859999999996,-0.17925316999785088,-0.5063008130081301
2022-12-15 20:15:00,3899.96,3918.153,-0.17258650333118417,-0.47296747967479674
2022-12-15 20:30:00,3894.26,3914.4623333333334,-0.12258650333118418,-0.47296747967479674
2022-12-15 20:45:00,3894.35,3911.326,-0.12258650333118419,-0.47296747967479674
2022-12-15 21:00:00,3895.75,3907.8856666666666,-0.12258650333118419,-0.5396341463414633
2022-12-15 21:15:00,3895.75,3904.5666666666666,-0.1302788110234919,-0.5174119241192412
2022-12-15 22:00:00,3895.75,3901.2476666666666,-0.11696891649812775,-0.5215785907859078
2022-12-16 14:30:00,3867.53,3896.988,-0.1245339283184587,-0.5236111111111111
2022-12-16 14:45:00,3876.45,3894.8969999999995,-0.13786726165179206,-0.5069444444444444
2022-12-16 15:00:00,3853.67,3892.653,-0.10675615054068094,-0.5069444444444444
2022-12-16 15:15:00,3848.88,3890.5866666666666,-0.09564503942956983,-0.4569444444444445
2022-12-16 15:30:00,3846.71,3888.434333333333,-0.08564503942956983,-0.4236111111111111
2022-12-16 15:45:00,3845.63,3886.078,-0.08008948387401427,-0.40694444444444444
2022-12-16 16:00:00,3837.94,3883.847333333333,-0.09675615054068093,-0.3736111111111111
2022-12-16 16:15:00,3843.54,3881.8713333333335,-0.09675615054068093,-0.3625
2022-12-16 16:30:00,3844.5,3880.145,-0.11008948387401428,-0.32916666666666666
2022-12-16 16:45:00,3834.61,3878.125666666667,-0.14342281720734762,-0.32916666666666666
2022-12-16 17:00:00,3836.03,3876.260333333333,-0.1384228172073476,-0.29583333333333334
2022-12-16 17:15:00,3836.61,3874.3653333333336,-0.1384228172073476,-0.2791666666666667
2022-12-16 17:30:00,3839.63,3872.500333333333,-0.15786726165179205,-0.2791666666666667
2022-12-16 17:45:00,3830.06,3870.2380000000003,-0.16064503942956984,-0.2791666666666667
2022-12-16 18:00:00,3832.79,3868.3806666666665,-0.16064503942956984,-0.2791666666666667
2022-12-16 18:15:00,3829.8,3866.6076666666672,-0.18286726165179204,-0.2791666666666667
2022-12-16 18:30:00,3832.88,3864.9796666666666,-0.20120059498512535,-0.2791666666666667
2022-12-16 18:45:00,3834.17,3863.2256666666667,-0.2234228172073476,-0.2791666666666667
2022-12-16 19:00:00,3842.42,3861.8166666666666,-0.2345339283184587,-0.24583333333333332
2022-12-16 19:15:00,3836.0,3860.244,-0.2234228172073476,-0.2125
2022-12-16 19:30:00,3833.26,3858.605,-0.20675615054068092,-0.22916666666666666
2022-12-16 19:45:00,3842.47,3856.8103333333333,-0.22897837276290314,-0.22916666666666666
2022-12-16 20:00:00,3848.15,3855.1126666666664,-0.2567561505406809,-0.22916666666666666
2022-12-16 20:15:00,3855.38,3853.4976666666666,-0.2484228172073476,-0.19583333333333333
2022-12-16 20:30:00,3863.27,3852.2746666666667,-0.26508948387401426,-0.19583333333333333
2022-12-16 20:45:00,3859.38,3851.1120000000005,-0.2984228172073476,-0.19583333333333333
2022-12-16 21:00:00,3852.36,3849.7123333333334,-0.2762005949851254,-0.2125
2022-12-16 21:15:00,3852.36,3848.266,-0.25953392831845873,-0.19583333333333333
2022-12-16 22:00:00,3852.36,3846.8196666666668,-0.251841620626151,-0.18472222222222223
