date,price,ma_15,general_score_ma15,company_score_ma15
2022-11-01 14:45:00,152.99,153.56860666666668,-0.2351152073732719,-0.09545454545454546
2022-11-01 15:00:00,150.74,153.36732666666666,-0.2351152073732719,-0.09545454545454546
2022-11-01 15:15:00,150.745,153.15099333333333,-0.17585594811401262,-0.1621212121212121
2022-11-01 15:30:00,149.72,152.889,-0.19807817033623484,-0.14545454545454545
2022-11-01 15:45:00,149.985,152.64033333333336,-0.19807817033623484,-0.14545454545454545
2022-11-01 16:00:00,150.035,152.40733333333336,-0.21553848779655232,-0.14545454545454545
2022-11-01 16:30:00,149.18,152.09834,-0.24887182112988568,-0.14545454545454545
2022-11-01 16:45:00,150.05,151.83567333333335,-0.24887182112988568,-0.14545454545454545
2022-11-01 17:00:00,150.095,151.60867333333331,-0.29553848779655234,-0.14545454545454545
2022-11-01 17:15:00,150.085,151.40767333333332,-0.26776071001877455,-0.0787878787878788
2022-11-01 17:30:00,149.915,151.18100666666666,-0.3210940433521079,-0.0787878787878788
2022-11-01 17:45:00,150.06,150.95667333333333,-0.3655384877965523,-0.0787878787878788
2022-11-01 18:00:00,150.2142,150.76028666666667,-0.29887182112988564,-0.0787878787878788
2022-11-01 18:15:00,150.005,150.53795333333332,-0.32851851851851854,-0.06666666666666667
2022-11-01 18:30:00,149.875,150.24627999999998,-0.29740740740740745,-0.06666666666666667
2022-11-01 18:45:00,150.055,150.05061333333333,-0.36407407407407416,-0.06666666666666667
2022-11-01 19:00:00,150.365,150.02561333333333,-0.4307407407407408,-0.06666666666666667
2022-11-01 19:15:00,150.48,150.00794666666667,-0.49,0.0
2022-11-01 19:30:00,150.385,150.05228,-0.5077777777777778,0.0
2022-11-01 19:45:00,151.03,150.12194666666667,-0.5744444444444444,0.0
2022-11-01 20:00:00,150.82,150.17428,-0.5707407407407407,0.0
2022-11-01 20:15:00,150.58,150.26761333333334,-0.5485185185185185,0.0
2022-11-01 20:30:00,150.72,150.31228,-0.5751851851851852,0.0
2022-11-01 20:45:00,150.77,150.35728000000003,-0.5751851851851852,0.0
2022-11-01 21:00:00,150.65,150.39494666666667,-0.5698179535467671,-0.0303030303030303
2022-11-02 14:30:00,149.83,150.38928,-0.5669608106896242,-0.0303030303030303
2022-11-02 15:00:00,148.7914,150.30470666666668,-0.5136274773562909,-0.09696969696969697
2022-11-02 15:15:00,148.94,150.21975999999998,-0.5136274773562909,-0.09696969696969697
2022-11-02 15:30:00,149.28,150.1714266666667,-0.4580719218007354,-0.09696969696969697
2022-11-02 15:45:00,149.3101,150.1337666666667,-0.5025163662451798,-0.16363636363636364
2022-11-02 16:00:00,148.9191,150.05803999999998,-0.4291830329118465,-0.16363636363636364
2022-11-02 16:15:00,148.806,149.95410666666666,-0.38473858846740205,-0.23030303030303031
2022-11-02 16:30:00,149.0,149.85544,-0.3402941440229576,-0.296969696969697
2022-11-02 16:45:00,148.845,149.75277333333332,-0.2336274773562909,-0.296969696969697
2022-11-02 17:00:00,148.5199,149.58543333333333,-0.2002941440229576,-0.296969696969697
2022-11-02 17:15:00,148.56,149.43476666666666,-0.18177562550443907,-0.296969696969697
2022-11-02 17:30:00,148.55,149.29943333333333,-0.23733118105999462,-0.296969696969697
2022-11-02 17:45:00,149.18,149.19676666666663,-0.22733118105999464,-0.296969696969697
2022-11-02 18:00:00,148.895,149.07176666666663,-0.20288673661555018,-0.296969696969697
2022-11-02 18:15:00,148.77,148.94643333333335,-0.19158730158730158,-0.26666666666666666
2022-11-02 18:30:00,149.4901,148.92377333333334,-0.16777777777777778,-0.26666666666666666
2022-11-02 18:45:00,148.9701,148.9356866666667,-0.14703703703703705,-0.2
2022-11-02 19:00:00,151.26,149.09035333333335,-0.08037037037037038,-0.2
2022-11-02 19:15:00,151.63,149.24702,-0.16925925925925925,-0.2
2022-11-02 19:30:00,150.4475,149.32284666666663,-0.16925925925925925,-0.13333333333333333
2022-11-02 19:45:00,147.86,149.25224,-0.19814814814814816,-0.13333333333333333
2022-11-02 20:00:00,147.83,149.18717333333333,-0.24259259259259258,-0.06666666666666667
2022-11-02 20:15:00,145.89,148.97984000000002,-0.28703703703703703,-0.06666666666666667
2022-11-02 20:30:00,146.26,148.80750666666665,-0.3537037037037037,-0.06666666666666667
2022-11-02 20:45:00,145.35,148.59618,-0.267037037037037,-0.06666666666666667
2022-11-02 21:00:00,145.03,148.36084666666667,-0.2486462324393359,-0.07407407407407408
2022-11-03 14:30:00,141.53,147.89284666666666,-0.11531289910600258,-0.07407407407407408
2022-11-03 14:45:00,139.7285,147.2627466666667,-0.10697956577266923,-0.07407407407407408
2022-11-03 15:15:00,140.68,146.71508,-0.09142401021711369,-0.07407407407407408
2022-11-03 15:30:00,140.47,146.16174666666666,-0.11999543878854224,-0.05185185185185185
2022-11-03 16:15:00,140.09,145.53507333333334,-0.13332877212187558,-0.05185185185185185
2022-11-03 16:30:00,139.825,144.9254,-0.140736179529283,-0.05185185185185185
2022-11-03 16:45:00,140.04,144.1774,-0.2169266557197592,-0.05185185185185185
2022-11-03 17:00:00,139.57,143.37339999999998,-0.18359332238642584,-0.05185185185185185
2022-11-03 17:15:00,140.24,142.6929,-0.11692665571975919,-0.05185185185185185
2022-11-03 17:30:00,140.53,142.20423333333335,-0.09470443349753696,-0.05185185185185185
2022-11-03 18:00:00,140.65,141.72556666666665,-0.028037766830870295,-0.05185185185185185
2022-11-03 18:15:00,140.455,141.36323333333334,0.038628899835796364,0.014814814814814814
2022-11-03 18:30:00,140.08,140.95123333333333,0.038628899835796364,-0.05185185185185185
2022-11-03 18:45:00,139.56,140.56523333333334,-0.048037766830870306,-0.05185185185185185
2022-11-03 19:00:00,139.2908,140.18262,-0.06642857142857145,-0.044444444444444446
2022-11-03 19:30:00,140.08,140.08595333333332,-0.13309523809523813,-0.044444444444444446
2022-11-03 19:45:00,139.79,140.09005333333334,-0.1247619047619048,-0.044444444444444446
2022-11-03 20:00:00,140.22,140.05938666666668,-0.16809523809523813,-0.044444444444444446
2022-11-03 20:15:00,139.73,140.01005333333336,-0.17952380952380956,-0.13333333333333333
2022-11-03 20:30:00,139.675,139.98238666666666,-0.1328571428571429,-0.13333333333333333
2022-11-03 21:00:00,138.88,139.91938666666664,-0.19952380952380955,-0.06666666666666667
2022-11-03 21:15:00,138.88,139.84205333333333,-0.19529595015576326,-0.05714285714285715
2022-11-04 14:30:00,138.87,139.79538666666667,-0.18101023587004897,-0.05714285714285715
2022-11-04 14:45:00,138.2,139.65938666666668,-0.24767690253671565,-0.12380952380952381
2022-11-04 15:00:00,139.023,139.55892,-0.24767690253671565,-0.12380952380952381
2022-11-04 15:15:00,139.8826,139.50776,-0.24767690253671565,-0.12380952380952381
2022-11-04 15:30:00,139.3902,139.43677333333332,-0.2893435692033823,-0.12380952380952381
2022-11-04 15:45:00,138.2408,139.31416,-0.32267690253671566,-0.05714285714285715
2022-11-04 16:00:00,136.73,139.12549333333334,-0.26267690253671566,-0.05714285714285715
2022-11-04 16:15:00,136.55,138.94277333333332,-0.27378801364782673,-0.05714285714285715
2022-11-04 16:30:00,135.93,138.66610666666665,-0.27378801364782673,-0.12380952380952381
2022-11-04 16:45:00,135.125,138.35510666666667,-0.2904546803144934,-0.12380952380952381
2022-11-04 17:00:00,135.2706,138.02514666666667,-0.30045468031449346,-0.12380952380952381
2022-11-04 17:15:00,136.29,137.7958133333333,-0.3048991247589379,-0.05714285714285715
2022-11-04 17:30:00,135.12,137.49214666666666,-0.3382324580922712,-0.05714285714285715
2022-11-04 17:45:00,134.81,137.22081333333333,-0.32156579142560454,-0.12380952380952381
2022-11-04 18:00:00,135.45,136.99214666666666,-0.32738095238095244,-0.13333333333333333
2022-11-04 18:15:00,135.06,136.73814666666667,-0.3416666666666667,-0.13333333333333333
2022-11-04 18:30:00,134.9208,136.51953333333333,-0.3194444444444445,-0.06666666666666667
2022-11-04 18:45:00,134.97,136.24933333333334,-0.36388888888888893,-0.06666666666666667
2022-11-04 19:00:00,134.73,135.90582666666668,-0.2972222222222223,-0.06666666666666667
2022-11-04 19:15:00,135.2899,135.63247333333334,-0.2555555555555556,-0.06666666666666667
2022-11-04 19:30:00,136.1435,135.49265333333332,-0.2888888888888889,-0.06666666666666667
2022-11-04 19:45:00,136.7303,135.49267333333333,-0.24888888888888897,-0.06666666666666667
2022-11-04 20:00:00,137.44,135.55200666666667,-0.2444444444444445,-0.06666666666666667
2022-11-04 20:15:00,137.3501,135.64668,-0.2666666666666667,-0.06666666666666667
2022-11-04 20:45:00,138.06,135.84234666666666,-0.25000000000000006,-0.06666666666666667
2022-11-04 21:00:00,138.38,136.04963999999998,-0.23648829431438131,-0.09242424242424242
2022-11-07 14:30:00,135.8199,136.0183,-0.21871051653660356,-0.09242424242424242
2022-11-07 14:45:00,136.4,136.10363333333333,-0.17871051653660355,-0.09242424242424242
2022-11-07 15:00:00,136.63,136.2249666666667,-0.13823432606041305,-0.09242424242424242
2022-11-07 15:15:00,136.815,136.31596666666667,-0.1937898816159686,-0.09242424242424242
2022-11-07 15:30:00,136.275,136.39696666666666,-0.17712321494930194,-0.025757575757575757
2022-11-07 15:45:00,136.975,136.53391333333332,-0.13267877050485752,-0.025757575757575757
2022-11-07 16:00:00,137.03,136.67124666666666,-0.07156765939374642,-0.09242424242424242
2022-11-07 16:15:00,137.305,136.84291333333334,-0.1715676593937464,-0.09242424242424242
2022-11-07 16:30:00,137.69,137.00292,-0.1715676593937464,-0.09242424242424242
2022-11-07 16:45:00,136.7101,137.04069333333334,-0.1315676593937464,-0.09242424242424242
2022-11-07 17:00:00,136.89,137.05134,-0.18490099272707977,-0.12575757575757576
2022-11-07 17:15:00,137.1491,137.03194666666667,-0.1782343260604131,-0.19242424242424241
2022-11-07 17:30:00,137.56,137.04594,-0.1560121038381909,-0.12575757575757576
2022-11-07 17:45:00,137.07,136.97994,-0.1560121038381909,-0.12575757575757576
2022-11-07 18:00:00,137.4875,136.92043999999999,-0.1828571428571429,-0.1
2022-11-07 18:15:00,137.13,137.00778,-0.16952380952380958,-0.1
2022-11-07 18:30:00,136.99,137.04711333333336,-0.20952380952380958,-0.16666666666666666
2022-11-07 18:45:00,137.1599,137.08244,-0.2666666666666667,-0.23333333333333334
2022-11-07 19:00:00,137.435,137.12377333333333,-0.2666666666666667,-0.23333333333333334
2022-11-07 19:15:00,138.26,137.25610666666668,-0.2944444444444445,-0.3
2022-11-07 19:30:00,138.675,137.36944,-0.3611111111111112,-0.3
2022-11-07 19:45:00,138.4642,137.46505333333332,-0.3777777777777779,-0.23333333333333334
2022-11-07 20:00:00,138.0285,137.5132866666667,-0.36666666666666675,-0.23333333333333334
2022-11-07 20:15:00,138.83,137.58928666666668,-0.4333333333333334,-0.23333333333333334
2022-11-07 20:30:00,138.665,137.7196133333333,-0.44000000000000006,-0.23333333333333334
2022-11-07 20:45:00,138.97,137.85828,-0.4088888888888889,-0.2
2022-11-07 21:00:00,138.92,137.97634000000002,-0.3777362409138111,-0.1611111111111111
2022-11-08 14:30:00,139.0401,138.07501333333332,-0.4110695742471444,-0.1611111111111111
2022-11-08 14:45:00,139.0566,138.20745333333335,-0.44440290758047774,-0.1611111111111111
2022-11-08 15:00:00,138.415,138.26928666666666,-0.42662512980269995,-0.1611111111111111
2022-11-08 15:15:00,138.59,138.36661999999998,-0.4532917964693666,-0.1611111111111111
2022-11-08 15:30:00,138.95,138.49728666666667,-0.4532917964693666,-0.09444444444444446
2022-11-08 15:45:00,139.28,138.63862666666668,-0.40567274885031895,-0.02777777777777778
2022-11-08 16:00:00,139.69,138.78896,-0.3923394155169857,-0.02777777777777778
2022-11-08 16:15:00,140.06,138.90896,-0.3812283044058746,-0.02777777777777778
2022-11-08 16:30:00,140.455,139.02762666666666,-0.3431330663106364,-0.02777777777777778
2022-11-08 16:45:00,140.8,139.18334666666667,-0.3597997329773031,-0.02777777777777778
2022-11-08 17:00:00,140.95,139.37811333333332,-0.3661489393265095,-0.02777777777777778
2022-11-08 17:15:00,140.515,139.49044666666666,-0.26614893932650946,-0.02777777777777778
2022-11-08 17:30:00,140.93,139.64144666666667,-0.26614893932650946,-0.02777777777777778
2022-11-08 17:45:00,140.945,139.77311333333333,-0.3105933837709539,-0.02777777777777778
2022-11-08 18:00:00,141.285,139.93078,-0.32507936507936513,0.0
2022-11-08 18:15:00,140.2713,140.01286,-0.31396825396825395,0.0
2022-11-08 18:30:00,139.8,140.06242,-0.2806349206349206,0.0
2022-11-08 18:45:00,139.5123,140.13557333333335,-0.3028571428571429,0.0
2022-11-08 19:00:00,138.573,140.13443999999998,-0.2628571428571429,0.0
2022-11-08 19:15:00,138.078,140.07630666666668,-0.32952380952380955,0.0
2022-11-08 19:30:00,138.2799,140.0096333333333,-0.2938095238095239,0.0
2022-11-08 19:45:00,138.9199,139.95829333333333,-0.30714285714285716,0.0
2022-11-08 20:00:00,139.1926,139.90046666666666,-0.2871428571428572,0.0
2022-11-08 20:15:00,139.49,139.83613333333332,-0.32523809523809527,0.0
2022-11-08 20:30:00,140.26,139.80013333333332,-0.3085714285714286,0.0
2022-11-08 20:45:00,140.09,139.7428,-0.28,0.0
2022-11-08 21:00:00,139.5,139.67513333333332,-0.32562091503267976,-0.03888888888888889
2022-11-09 14:30:00,137.55,139.4498,-0.32562091503267976,-0.03888888888888889
2022-11-09 14:45:00,137.23,139.20213333333334,-0.3589542483660131,-0.03888888888888889
2022-11-09 15:00:00,137.6099,138.95712666666668,-0.3200653594771242,-0.03888888888888889
2022-11-09 15:15:00,137.5293,138.77432666666667,-0.3645098039215687,-0.10555555555555557
2022-11-09 15:30:00,137.065,138.59199333333333,-0.37784313725490204,-0.10555555555555557
2022-11-09 15:45:00,136.53,138.39317333333335,-0.3667320261437909,-0.10555555555555557
2022-11-09 16:00:00,136.715,138.26930666666667,-0.42599128540305015,-0.10555555555555557
2022-11-09 16:15:00,136.85,138.18744,-0.35932461873638355,-0.10555555555555557
2022-11-09 16:30:00,136.46,138.06611333333333,-0.3759912854030502,-0.10555555555555557
2022-11-09 16:45:00,137.04,137.94078666666667,-0.3759912854030502,-0.10555555555555557
2022-11-09 17:00:00,136.54,137.76394666666667,-0.41265795206971684,-0.10555555555555557
2022-11-09 17:15:00,136.3799,137.55660666666665,-0.35932461873638355,-0.10555555555555557
2022-11-09 17:30:00,136.35,137.29594,-0.35932461873638355,-0.10555555555555557
2022-11-09 17:45:00,136.3363,137.04569333333333,-0.4259912854030502,-0.10555555555555557
2022-11-09 18:00:00,136.205,136.82602666666665,-0.4670370370370371,-0.06666666666666667
2022-11-09 18:15:00,135.97,136.72069333333332,-0.5003703703703705,-0.06666666666666667
2022-11-09 18:30:00,135.19,136.58469333333332,-0.4892592592592593,-0.06666666666666667
2022-11-09 18:45:00,135.3099,136.43136,-0.5248148148148148,-0.06666666666666667
2022-11-09 19:00:00,135.4447,136.29238666666666,-0.4581481481481482,-0.06666666666666667
2022-11-09 19:15:00,135.2501,136.17139333333336,-0.44481481481481483,-0.06666666666666667
2022-11-09 19:30:00,134.99,136.06872666666666,-0.4114814814814815,-0.06666666666666667
2022-11-09 19:45:00,134.9594,135.95168666666666,-0.35222222222222227,-0.06666666666666667
2022-11-09 20:00:00,135.3914,135.85444666666666,-0.3922222222222223,-0.06666666666666667
2022-11-09 20:15:00,135.07,135.76178,-0.4055555555555556,-0.06666666666666667
2022-11-09 20:30:00,134.88,135.61778,-0.4055555555555556,-0.06666666666666667
2022-11-09 20:45:00,134.865,135.50611333333333,-0.3777777777777779,-0.06666666666666667
2022-11-09 21:00:00,134.87,135.40545333333333,-0.3777777777777778,-0.09000000000000001
2022-11-10 14:30:00,141.24,135.73145333333335,-0.4027777777777778,-0.15666666666666668
2022-11-10 14:45:00,142.39,136.13503333333335,-0.33098290598290603,-0.15666666666666668
2022-11-10 15:15:00,143.5,136.62136666666666,-0.32209401709401714,-0.22333333333333333
2022-11-10 15:30:00,142.95,137.08669999999998,-0.2554273504273505,-0.22333333333333333
2022-11-10 15:45:00,143.135,137.61636666666666,-0.24272893772893778,-0.22333333333333333
2022-11-10 16:00:00,142.37,138.08703999999997,-0.25606227106227114,-0.22333333333333333
2022-11-10 16:15:00,142.91,138.58472666666665,-0.2727289377289378,-0.15666666666666668
2022-11-10 16:30:00,143.33,139.12338666666665,-0.25606227106227114,-0.15666666666666668
2022-11-10 16:45:00,142.75,139.64072,-0.3227289377289378,-0.15666666666666668
2022-11-10 17:00:00,143.085,140.18242666666666,-0.3005067155067156,-0.15666666666666668
2022-11-10 17:15:00,143.59,140.72899999999998,-0.250982905982906,-0.15666666666666668
2022-11-10 17:30:00,142.91,141.25166666666667,-0.2302421652421653,-0.15666666666666668
2022-11-10 17:45:00,142.88,141.785,-0.17690883190883197,-0.15666666666666668
2022-11-10 18:00:00,143.275,142.34566666666666,-0.1680199430199431,-0.15666666666666668
2022-11-10 18:15:00,143.395,142.91400000000002,-0.17690883190883197,-0.13333333333333333
2022-11-10 18:30:00,143.4559,143.0617266666667,-0.1630199430199431,-0.06666666666666667
2022-11-10 18:45:00,143.961,143.16646,-0.18148148148148155,-0.06666666666666667
2022-11-10 19:00:00,144.115,143.20746,-0.15703703703703706,0.0
2022-11-10 19:15:00,144.1,143.28412666666665,-0.16656084656084663,0.0
2022-11-10 19:30:00,144.195,143.35479333333333,-0.1570370370370371,0.0
2022-11-10 19:45:00,144.425,143.49179333333333,-0.13037037037037041,0.0
2022-11-10 20:00:00,144.7,143.61112666666668,-0.12481481481481488,0.0
2022-11-10 20:15:00,144.9501,143.71913333333333,-0.18592592592592597,0.0
2022-11-10 20:30:00,145.435,143.89813333333333,-0.15259259259259264,-0.06666666666666667
2022-11-10 20:45:00,146.17,144.10379999999998,-0.1970370370370371,-0.06666666666666667
2022-11-10 21:00:00,146.87,144.32246666666666,-0.2187403337403338,-0.06666666666666667
2022-11-11 14:30:00,144.99,144.46113333333332,-0.24836996336996345,-0.06666666666666667
2022-11-11 14:45:00,146.13,144.6778,-0.2794810744810745,-0.06666666666666667
2022-11-11 15:00:00,146.44,144.8888,-0.2735551485551486,-0.06666666666666667
2022-11-11 15:15:00,147.91,145.18980000000002,-0.25133292633292637,-0.06666666666666667
2022-11-11 15:30:00,147.5614,145.46349999999998,-0.2568884818884819,-0.06666666666666667
2022-11-11 15:45:00,148.34,145.75543333333334,-0.2935551485551486,-0.06666666666666667
2022-11-11 16:00:00,148.085,146.0201,-0.28307895807895816,-7.401486830834377e-18
2022-11-11 16:15:00,147.23,146.22876666666664,-0.2735551485551486,-7.401486830834377e-18
2022-11-11 16:30:00,147.229,146.43103333333335,-0.2735551485551486,-7.401486830834377e-18
2022-11-11 16:45:00,147.45,146.6327,-0.2735551485551486,-7.401486830834377e-18
2022-11-11 17:00:00,147.46,146.8167,-0.2624440374440375,-7.401486830834377e-18
2022-11-11 17:15:00,148.02,147.02136000000002,-0.2402218152218153,-7.401486830834377e-18
2022-11-11 17:30:00,148.11,147.19969333333333,-0.22355514855514863,0.06666666666666667
2022-11-11 17:45:00,148.0799,147.32702000000003,-0.20133292633292638,0.06666666666666667
2022-11-11 18:00:00,148.68,147.44768666666667,-0.21582010582010588,0.06666666666666667
2022-11-11 18:15:00,149.16,147.72568666666666,-0.19359788359788366,0.06666666666666667
2022-11-11 18:30:00,149.2611,147.93442666666667,-0.1658201058201059,0.06666666666666667
2022-11-11 18:45:00,149.48,148.13709333333333,-0.22507936507936513,0.06666666666666667
2022-11-11 19:00:00,149.865,148.26742666666667,-0.2784126984126985,0.06666666666666667
2022-11-11 19:15:00,149.6787,148.40858,-0.21174603174603182,0.06666666666666667
2022-11-11 19:30:00,149.62,148.49391333333332,-0.1506349206349207,0.06666666666666667
2022-11-11 19:45:00,149.894,148.61451333333332,-0.15777777777777785,0.0
2022-11-11 20:00:00,149.231,148.74791333333332,-0.20222222222222228,0.0
2022-11-11 20:15:00,149.045,148.86898000000002,-0.2244444444444445,0.0
2022-11-11 20:30:00,149.2331,148.98785333333336,-0.29111111111111115,0.0
2022-11-11 20:45:00,149.7783,149.1424066666667,-0.3133333333333334,0.0
2022-11-11 21:00:00,149.7,149.25440666666665,-0.2963032191069575,0.0
2022-11-14 14:30:00,148.22,149.26174,-0.2929698857736242,0.0
2022-11-14 14:45:00,147.815,149.24408,-0.35963655244029086,-0.06666666666666667
2022-11-14 15:00:00,148.4191,149.22668666666667,-0.3196365524402908,-0.13333333333333333
2022-11-14 15:15:00,147.98,149.14802,-0.35296988577362415,-0.16666666666666666
2022-11-14 15:30:00,148.1405,149.07331333333332,-0.3474143302180686,-0.1888888888888889
2022-11-14 15:45:00,148.075,148.97964666666667,-0.28074766355140196,-0.1888888888888889
2022-11-14 16:00:00,147.945,148.85164666666665,-0.25598575878949714,-0.1888888888888889
2022-11-14 16:15:00,147.9801,148.73840666666666,-0.30598575878949713,-0.1888888888888889
2022-11-14 16:30:00,148.28,148.64907333333335,-0.3170968699006082,-0.25555555555555554
2022-11-14 16:45:00,148.285,148.54180666666667,-0.32709686990060827,-0.3222222222222222
2022-11-14 17:00:00,148.975,148.52473999999998,-0.3493190921228305,-0.3222222222222222
2022-11-14 17:15:00,148.8791,148.51368,-0.32709686990060827,-0.3222222222222222
2022-11-14 17:30:00,149.245,148.5144733333333,-0.28265242545616387,-0.3222222222222222
2022-11-14 17:45:00,149.14,148.47191999999998,-0.26043020323394156,-0.3888888888888889
2022-11-14 18:00:00,148.9301,148.42059333333333,-0.2663492063492064,-0.3888888888888889
2022-11-14 18:15:00,149.5,148.50592666666665,-0.2752380952380953,-0.3888888888888889
2022-11-14 18:30:00,149.617,148.62606,-0.19190476190476194,-0.3222222222222222
2022-11-14 18:45:00,149.9722,148.7296,-0.22190476190476194,-0.25555555555555554
2022-11-14 19:00:00,150.0,148.86426666666665,-0.25523809523809526,-0.2222222222222222
2022-11-14 19:15:00,149.94,148.98423333333332,-0.24412698412698416,-0.2
2022-11-14 19:30:00,149.9301,149.10790666666665,-0.22507936507936513,-0.2
2022-11-14 19:45:00,149.65,149.22157333333334,-0.240952380952381,-0.2
2022-11-14 20:00:00,149.84,149.34556666666668,-0.19095238095238098,-0.2
2022-11-14 20:15:00,149.425,149.4219,-0.25761904761904764,-0.13333333333333333
2022-11-14 20:30:00,149.2793,149.48818666666665,-0.2880952380952381,-0.06666666666666667
2022-11-14 20:45:00,148.75,149.47318666666666,-0.22142857142857147,-0.06666666666666667
2022-11-14 21:00:00,148.28,149.43324666666666,-0.22788851974898489,-0.08444444444444445
2022-11-15 14:30:00,152.655,149.66058,-0.23899963086009604,-0.08444444444444445
2022-11-15 14:45:00,151.84,149.84058000000002,-0.28344407530454047,-0.017777777777777778
2022-11-15 15:00:00,153.275,150.13024000000001,-0.28344407530454047,-0.017777777777777778
2022-11-15 15:15:00,153.25,150.38024000000001,-0.2516980435585087,-0.017777777777777778
2022-11-15 15:30:00,152.5617,150.57655333333332,-0.2016980435585087,-0.017777777777777778
2022-11-15 15:45:00,152.69,150.75774,-0.1933647102251754,-0.017777777777777778
2022-11-15 16:00:00,151.985,150.89007333333336,-0.14003137689184209,-0.017777777777777778
2022-11-15 16:15:00,152.11,151.03474000000003,-0.1844758213362865,-0.017777777777777778
2022-11-15 16:30:00,152.955,151.23640000000003,-0.17019010705057222,-0.017777777777777778
2022-11-15 16:45:00,152.655,151.43673333333334,-0.1257456626061278,-0.017777777777777778
2022-11-15 17:00:00,152.33,151.60273333333333,-0.18907899593946112,-0.017777777777777778
2022-11-15 17:15:00,152.115,151.78206666666668,-0.10574566260612778,-0.017777777777777778
2022-11-15 17:30:00,151.95,151.96011333333334,-0.03193613879660398,-0.017777777777777778
2022-11-15 18:00:00,151.3,152.13011333333333,-0.0541583610188262,-0.017777777777777778
2022-11-15 18:15:00,150.15,152.25478,-0.06436507936507943,0.0
2022-11-15 18:30:00,149.2099,152.02510666666666,-0.08436507936507943,0.0
2022-11-15 18:45:00,149.585,151.87477333333334,-0.07325396825396832,0.0
2022-11-15 19:00:00,148.81,151.57710666666665,-0.09547619047619055,0.0
2022-11-15 19:15:00,150.4581,151.39098,-0.10500000000000007,0.0
2022-11-15 19:30:00,150.4316,151.24897333333334,-0.20500000000000007,0.0
2022-11-15 19:45:00,150.23,151.08497333333335,-0.21000000000000008,0.0
2022-11-15 20:00:00,150.55,150.98930666666666,-0.1833333333333334,0.0
2022-11-15 20:15:00,150.863,150.90617333333333,-0.14841269841269847,0.0
2022-11-15 20:30:00,150.57,150.7471733333333,-0.22936507936507944,0.0
2022-11-15 20:45:00,149.68,150.54884,-0.2560317460317461,0.0
2022-11-15 21:00:00,150.04,150.39617333333337,-0.2507792207792209,-0.0047619047619047615
2022-11-16 14:30:00,148.97,150.18650666666665,-0.2841125541125542,-0.0047619047619047615
2022-11-16 14:45:00,148.265,149.94084000000004,-0.32300144300144307,-0.0047619047619047615
2022-11-16 15:00:00,147.7099,149.7015,-0.30077922077922087,-0.0047619047619047615
2022-11-16 15:15:00,148.21,149.57216666666667,-0.32411255411255424,-0.0047619047619047615
2022-11-16 15:30:00,148.62,149.53284,-0.25173160173160186,-0.0047619047619047615
2022-11-16 15:45:00,147.68,149.40583999999998,-0.26839826839826847,-0.0047619047619047615
2022-11-16 16:00:00,148.1035,149.35874,-0.24458874458874466,-0.0047619047619047615
2022-11-16 16:15:00,148.53,149.2302,-0.257922077922078,0.06190476190476191
2022-11-16 16:30:00,148.5841,149.10703333333333,-0.2912554112554113,0.06190476190476191
2022-11-16 16:45:00,148.3,148.97836666666666,-0.24458874458874463,0.06190476190476191
2022-11-16 17:00:00,148.55,148.84503333333336,-0.27696969696969703,0.06190476190476191
2022-11-16 17:30:00,148.8842,148.71311333333333,-0.2007792207792209,0.06190476190476191
2022-11-16 17:45:00,148.8,148.59511333333336,-0.15316017316017322,0.06190476190476191
2022-11-16 18:00:00,148.925,148.54478,-0.12649350649350657,0.06190476190476191
2022-11-16 18:15:00,149.175,148.48711333333333,-0.1406349206349207,0.06666666666666667
2022-11-16 18:30:00,148.76,148.47311333333334,-0.09063492063492071,0.06666666666666667
2022-11-16 18:45:00,148.75,148.50544666666664,-0.0684126984126985,0.06666666666666667
2022-11-16 19:15:00,148.685,148.57045333333332,-0.13507936507936516,0.06666666666666667
2022-11-16 19:30:00,148.8797,148.6151,-0.10619047619047627,0.06666666666666667
2022-11-16 19:45:00,148.965,148.6381,-0.058571428571428656,0.06666666666666667
2022-11-16 20:00:00,148.68,148.70476666666667,0.024761904761904683,0.06666666666666667
2022-11-16 20:15:00,148.5999,148.73786,0.000952380952380875,0.06666666666666667
2022-11-16 20:30:00,148.48,148.73452666666665,0.08095238095238087,0.0
2022-11-16 20:45:00,149.14,148.77158666666665,0.16984126984126977,0.0
2022-11-16 21:00:00,148.79,148.80425333333332,0.12293861497401312,-0.006666666666666667
2022-11-17 14:30:00,147.17,148.7122533333333,0.0753195673549655,-0.07333333333333333
2022-11-17 14:45:00,147.635,148.62897333333333,0.021986234021632176,-0.07333333333333333
2022-11-17 15:00:00,148.0199,148.57696666666664,-0.04468043264503449,-0.006666666666666672
2022-11-17 15:15:00,148.58,148.5539666666667,-0.11134709931170116,0.05999999999999999
2022-11-17 15:30:00,148.6606,148.51967333333332,-0.12245821042281227,0.12666666666666665
2022-11-17 15:45:00,148.12,148.47700666666665,-0.18912487708947892,0.12666666666666665
2022-11-17 16:00:00,148.249,148.44360666666668,-0.1669026548672567,0.12666666666666665
2022-11-17 16:15:00,148.8,148.45127333333332,-0.11690265486725672,0.12666666666666665
2022-11-17 16:30:00,149.08,148.46462666666667,-0.07245821042281227,0.12666666666666665
2022-11-17 16:45:00,149.2879,148.48615333333333,-0.17245821042281229,0.12666666666666665
2022-11-17 17:00:00,149.89,148.56681999999998,-0.23436297232757416,0.12666666666666665
2022-11-17 17:15:00,149.7169,148.64128666666667,-0.18436297232757415,0.12666666666666665
2022-11-17 17:30:00,150.1218,148.75074,-0.2843629723275741,0.12666666666666665
2022-11-17 17:45:00,150.75,148.85807333333335,-0.30658519454979644,0.12666666666666665
2022-11-17 18:00:00,150.97,149.00340666666668,-0.3096825396825398,0.13333333333333333
2022-11-17 18:15:00,151.44,149.28807333333333,-0.2430158730158731,0.2
2022-11-17 18:30:00,151.38,149.53774,-0.25634920634920644,0.2
2022-11-17 18:45:00,150.94,149.73241333333334,-0.15634920634920643,0.13333333333333333
2022-11-17 19:00:00,150.59,149.86641333333333,-0.08968253968253977,0.06666666666666667
2022-11-17 19:15:00,149.97,149.95370666666668,-0.037301587301587384,0.0
2022-11-17 19:30:00,149.9934,150.0786,-0.015079365079365161,0.0
2022-11-17 20:00:00,150.0009,150.19539333333333,-0.00396825396825405,0.0
2022-11-17 20:15:00,149.76,150.25939333333335,0.01269841269841262,0.0
2022-11-17 20:30:00,150.07,150.32539333333332,-0.020634920634920714,0.0
2022-11-17 20:45:00,150.16,150.38353333333333,0.01269841269841262,0.0
2022-11-17 21:00:00,150.72,150.43886666666668,0.03230926779313868,0.0
2022-11-18 14:30:00,150.94,150.52040666666664,0.06008704557091646,0.0
2022-11-18 14:45:00,151.245,150.59528666666665,0.04897593445980534,0.0
2022-11-18 15:00:00,150.29,150.56462,0.02230926779313868,0.0
2022-11-18 15:15:00,150.81,150.55395333333334,0.016753712237583127,0.0
2022-11-18 15:30:00,150.74,150.50728666666666,0.03008704557091646,0.0
2022-11-18 15:45:00,150.76,150.46595333333332,0.052309267793138686,0.0
2022-11-18 16:00:00,151.08,150.47528666666668,-0.04769073220686131,0.0
2022-11-18 16:15:00,151.6913,150.54870666666667,-0.10602406554019465,0.06666666666666667
2022-11-18 16:30:00,151.33,150.63937333333334,-0.13840501792114704,0.06666666666666667
2022-11-18 16:45:00,151.405,150.73348,-0.16729390681003592,0.06666666666666667
2022-11-18 17:15:00,150.73,150.78208666666666,-0.2450716845878137,0.06666666666666667
2022-11-18 17:30:00,150.8091,150.85202666666666,-0.3117383512544804,0.06666666666666667
2022-11-18 17:45:00,150.5879,150.88655333333335,-0.3681486076647368,0.06666666666666667
2022-11-18 18:15:00,151.0242,150.94416666666666,-0.3459263854425146,0.06666666666666667
2022-11-18 18:30:00,150.9485,150.95940000000002,-0.33696581196581205,0.06666666666666667
2022-11-18 18:45:00,150.895,150.9564,-0.4036324786324787,0.06666666666666667
2022-11-18 19:00:00,151.015,150.94106666666667,-0.3758547008547009,0.06666666666666667
2022-11-18 19:15:00,151.11,150.99573333333333,-0.36585470085470095,0.06666666666666667
2022-11-18 19:30:00,151.06,151.0124,-0.3436324786324787,0.06666666666666667
2022-11-18 19:45:00,151.13,151.0384,-0.356965811965812,0.06666666666666667
2022-11-18 20:00:00,151.625,151.09606666666667,-0.395854700854701,0.06666666666666667
2022-11-18 20:15:00,151.395,151.11706666666666,-0.2958547008547009,0.06666666666666667
2022-11-18 20:30:00,151.8,151.12431333333333,-0.2597435897435898,0.0
2022-11-18 20:45:00,150.92,151.09697999999997,-0.24641025641025646,0.0
2022-11-18 21:00:00,151.29,151.0893133333333,-0.21145034804828625,-0.0033333333333333335
2022-11-21 14:30:00,148.7501,150.95732,-0.20404294064087883,-0.0033333333333333335
2022-11-21 14:45:00,149.53,150.87204666666668,-0.13737627397421218,-0.0033333333333333335
2022-11-21 15:00:00,149.145,150.77585333333334,-0.103188239786178,-0.0033333333333333335
2022-11-21 15:15:00,148.32,150.59557333333333,-0.103188239786178,-0.0033333333333333335
2022-11-21 15:30:00,148.27,150.41700666666665,-0.15652157311951134,-0.07
2022-11-21 15:45:00,148.01,150.22467333333333,-0.1342993508972891,-0.07
2022-11-21 16:00:00,148.485,150.0560066666667,-0.11763268423062244,-0.07
2022-11-21 16:15:00,148.58,149.88734000000002,-0.10096601756395578,-0.07
2022-11-21 16:30:00,148.29,149.70267333333334,-0.03429935089728911,-0.07
2022-11-21 16:45:00,148.315,149.51500666666666,-0.01207712867506689,-0.07
2022-11-21 17:00:00,148.0987,149.27992,-0.03985490645284466,-0.07
2022-11-21 17:15:00,147.92,149.04825333333335,-0.13985490645284465,-0.07
2022-11-21 17:30:00,148.085,148.80058666666665,-0.1842993508972891,-0.07
2022-11-21 17:45:00,148.195,148.61892,-0.1842993508972891,-0.13666666666666666
2022-11-21 18:00:00,148.03,148.4015866666667,-0.19037037037037044,-0.13333333333333333
2022-11-21 18:15:00,148.5,148.38491333333334,-0.20333333333333342,-0.13333333333333333
2022-11-21 18:30:00,148.81,148.33691333333334,-0.2700000000000001,-0.13333333333333333
2022-11-21 18:45:00,148.675,148.30558,-0.2611111111111112,-0.13333333333333333
2022-11-21 19:00:00,148.635,148.32658,-0.2611111111111112,-0.13333333333333333
2022-11-21 19:15:00,148.28,148.32724666666667,-0.20777777777777784,-0.06666666666666667
2022-11-21 19:30:00,148.34,148.34924666666666,-0.20777777777777784,-0.06666666666666667
2022-11-21 19:45:00,148.59,148.35624666666666,-0.24111111111111116,-0.06666666666666667
2022-11-21 20:00:00,148.53,148.3529133333333,-0.22777777777777783,-0.06666666666666667
2022-11-21 20:15:00,148.311,148.35431333333332,-0.3166666666666667,-0.06666666666666667
2022-11-21 20:30:00,148.0504,148.33667333333332,-0.32222222222222224,-0.06666666666666667
2022-11-21 20:45:00,148.18,148.3420933333333,-0.2777777777777778,-0.06666666666666667
2022-11-21 21:00:00,148.01,148.34809333333334,-0.2161561561561562,-0.08717948717948718
2022-11-22 14:30:00,147.62,148.31709333333336,-0.18282282282282286,-0.08717948717948718
2022-11-22 14:45:00,147.27,148.25542666666666,-0.2161561561561562,-0.020512820512820513
2022-11-22 15:00:00,148.175,148.26509333333334,-0.20504504504504512,0.04615384615384615
2022-11-22 15:15:00,148.195,148.24475999999999,-0.1550450450450451,0.04615384615384615
2022-11-22 15:30:00,148.2027,148.20427333333333,-0.021711711711711764,0.04615384615384615
2022-11-22 15:45:00,148.6,148.19927333333334,-0.008378378378378437,0.04615384615384615
2022-11-22 16:00:00,148.7433,148.20649333333333,-0.008378378378378437,0.04615384615384615
2022-11-22 16:15:00,148.6756,148.23286666666667,-0.025045045045045105,0.04615384615384615
2022-11-22 16:30:00,148.695,148.25653333333332,-0.041711711711711764,0.04615384615384615
2022-11-22 16:45:00,148.8365,148.2729666666667,0.024954954954954898,0.04615384615384615
2022-11-22 17:00:00,149.0533,148.30785333333333,-0.0017117117117117719,0.04615384615384615
2022-11-22 17:15:00,149.235,148.36945333333333,0.02051051051051045,0.04615384615384615
2022-11-22 17:30:00,149.365,148.45709333333335,-0.018378378378378437,0.04615384615384615
2022-11-22 17:45:00,149.202,148.52522666666667,-0.04694980694980701,0.04615384615384615
2022-11-22 18:00:00,149.46,148.62189333333333,-0.06412698412698419,0.06666666666666667
2022-11-22 18:15:00,149.68,148.75922666666668,-0.008571428571428629,0.06666666666666667
2022-11-22 18:30:00,149.69,148.92056,0.09142857142857137,0.06666666666666667
2022-11-22 18:45:00,149.98,149.04089333333332,0.024761904761904704,0.0
2022-11-22 19:00:00,149.6701,149.13923333333335,0.06920634920634913,0.0
2022-11-22 19:15:00,149.61,149.23305333333332,0.002539682539682479,0.0
2022-11-22 19:30:00,149.751,149.30978666666667,0.002539682539682479,0.0
2022-11-22 19:45:00,149.865,149.38456666666667,-0.036349206349206416,0.0
2022-11-22 20:00:00,149.9201,149.46753333333334,-0.036349206349206416,0.0
2022-11-22 20:15:00,150.1092,149.56181333333333,-0.05301587301587308,0.0
2022-11-22 20:30:00,150.145,149.64904666666664,-0.09968253968253975,0.0
2022-11-22 20:45:00,150.22,149.72682666666665,-0.08634920634920641,0.0
2022-11-22 21:00:00,150.18,149.78982666666667,-0.09380534670008361,-0.0375
2022-11-23 14:30:00,150.6,149.87215999999998,-0.07158312447786139,-0.0375
2022-11-23 14:45:00,151.38,150.01736,-0.07634502923976615,-0.0375
2022-11-23 15:00:00,151.0579,150.12388666666666,-0.1207894736842106,-0.0375
2022-11-23 15:15:00,151.1501,150.22189333333333,-0.18301169590643285,-0.0375
2022-11-23 15:30:00,151.63,150.3512266666667,-0.2896783625730995,-0.0375
2022-11-23 15:45:00,151.6291,150.46116666666666,-0.23634502923976614,0.029166666666666667
2022-11-23 16:00:00,151.5725,150.58799333333334,-0.26967836257309946,0.029166666666666667
2022-11-23 16:15:00,151.59,150.71999333333332,-0.3030116959064328,0.029166666666666667
2022-11-23 16:30:00,151.0208,150.80464666666666,-0.3030116959064328,-0.004166666666666667
2022-11-23 16:45:00,150.39,150.83964666666665,-0.3085672514619884,0.0625
2022-11-23 17:00:00,150.23,150.86030666666665,-0.27523391812865505,0.0625
2022-11-23 17:15:00,150.27,150.87102666666667,-0.3085672514619884,0.0625
2022-11-23 17:30:00,150.215,150.87569333333334,-0.3285672514619884,0.029166666666666667
2022-11-23 17:45:00,149.76,150.84502666666666,-0.31745614035087727,0.029166666666666667
2022-11-23 18:00:00,149.7801,150.8183666666667,-0.28777777777777785,0.0
2022-11-23 18:15:00,150.04,150.78103333333334,-0.32111111111111124,0.0
2022-11-23 18:30:00,150.37,150.7137,-0.28777777777777785,0.0
2022-11-23 18:45:00,150.3,150.66317333333336,-0.22111111111111115,0.0
2022-11-23 19:00:00,150.885,150.6455,-0.21444444444444452,0.0
2022-11-23 19:15:00,150.945,150.59983333333332,-0.17444444444444454,0.06666666666666667
2022-11-23 19:30:00,150.59,150.53056,-0.12777777777777785,0.0
2022-11-23 19:45:00,151.08,150.49772666666667,-0.1833333333333334,0.0
2022-11-23 20:00:00,151.06,150.46239333333332,-0.15000000000000005,0.0
2022-11-23 20:15:00,151.31,150.48167333333333,-0.21666666666666673,0.03333333333333333
2022-11-23 20:30:00,150.995,150.52200666666667,-0.21666666666666673,-0.03333333333333333
2022-11-23 20:45:00,151.04,150.57600666666667,-0.30000000000000004,-0.03333333333333333
2022-11-23 21:00:00,151.07,150.62934,-0.24256410256410263,-0.04666666666666666
2022-11-25 14:30:00,148.02,150.48300666666668,-0.20923076923076928,-0.013333333333333334
2022-11-25 14:45:00,148.38,150.39100666666667,-0.2425641025641026,-0.013333333333333334
2022-11-25 15:00:00,148.67,150.31699999999998,-0.19811965811965815,0.05333333333333334
2022-11-25 15:15:00,148.63,150.22299999999998,-0.16478632478632482,0.020000000000000004
2022-11-25 16:00:00,148.1822,150.07714666666666,-0.18700854700854705,-0.04666666666666666
2022-11-25 16:45:00,147.9,149.91714666666667,-0.1736752136752137,-0.11333333333333333
2022-11-25 17:15:00,148.0,149.72481333333332,-0.16700854700854706,-0.04666666666666666
2022-11-25 18:00:00,148.11,149.53581333333332,-0.17934188034188037,-0.13726495726495724
2022-11-28 14:30:00,145.94,149.22581333333335,-0.21267521367521372,-0.13726495726495724
2022-11-28 14:45:00,146.085,148.89281333333335,-0.19489743589743597,-0.13726495726495724
2022-11-28 15:00:00,145.58,148.52748,-0.19489743589743597,-0.13726495726495724
2022-11-28 15:15:00,145.0601,148.11082,-0.1282307692307693,-0.13726495726495724
2022-11-28 15:30:00,145.42,147.73915333333335,-0.14410378510378513,-0.13726495726495724
2022-11-28 15:45:00,145.18,147.34848666666667,-0.0996593406593407,-0.13726495726495724
2022-11-28 16:00:00,145.0,146.94382,-0.09042857142857148,-0.12393162393162394
2022-11-28 16:15:00,145.4253,146.77084,-0.09042857142857148,-0.12393162393162394
2022-11-28 16:30:00,145.1,146.55217333333337,-0.06820634920634924,-0.12393162393162394
2022-11-28 16:45:00,145.16,146.31817333333336,-0.13487301587301592,-0.19059829059829062
2022-11-28 17:00:00,145.1662,146.08725333333334,-0.11820634920634925,-0.15726495726495726
2022-11-28 17:15:00,145.2663,145.89286,-0.1126507936507937,-0.0905982905982906
2022-11-28 17:30:00,145.325,145.72119333333333,-0.19265079365079368,-0.0905982905982906
2022-11-28 17:45:00,145.0,145.52119333333334,-0.16598412698412704,-0.15726495726495726
2022-11-28 18:00:00,144.79,145.29986000000002,-0.1536507936507937,-0.2
2022-11-28 18:15:00,145.035,145.23952666666668,-0.08698412698412702,-0.26666666666666666
2022-11-28 18:30:00,144.815,145.15486,-0.06031746031746035,-0.26666666666666666
2022-11-28 18:45:00,144.2912,145.06894,-0.06031746031746035,-0.28888888888888886
2022-11-28 19:00:00,143.8224,144.98642666666666,-0.09365079365079369,-0.3555555555555555
2022-11-28 19:15:00,143.43,144.85376,-0.12222222222222226,-0.4222222222222222
2022-11-28 19:30:00,143.7568,144.75888,-0.10000000000000005,-0.4888888888888889
2022-11-28 19:45:00,144.055,144.69588000000002,-0.1666666666666667,-0.5222222222222223
2022-11-28 20:00:00,143.87,144.59219333333334,-0.1666666666666667,-0.5222222222222223
2022-11-28 20:15:00,143.8547,144.50917333333334,-0.2333333333333334,-0.5222222222222223
2022-11-28 20:30:00,143.94,144.42783999999997,-0.2777777777777778,-0.3888888888888889
2022-11-28 20:45:00,144.0,144.35009333333335,-0.22777777777777783,-0.3888888888888889
2022-11-28 21:00:00,144.22,144.28034,-0.21600753295668557,-0.4039426523297491
2022-11-29 14:30:00,143.69,144.17134,-0.16600753295668552,-0.3372759856630824
2022-11-29 14:45:00,143.23,144.05334,-0.16600753295668552,-0.2706093189964157
2022-11-29 15:00:00,143.8,143.98734000000002,-0.18267419962335218,-0.2039426523297491
2022-11-29 15:15:00,143.75,143.90167333333332,-0.2326741996233522,-0.13727598566308244
2022-11-29 15:30:00,143.875,143.83900666666668,-0.2326741996233522,-0.13727598566308244
2022-11-29 15:45:00,143.9211,143.81433333333334,-0.2326741996233522,-0.11505376344086021
2022-11-29 16:00:00,142.71,143.74017333333333,-0.22600753295668555,-0.04838709677419355
2022-11-29 16:15:00,141.68,143.62350666666669,-0.09267419962335222,-0.04838709677419355
2022-11-29 16:30:00,141.905,143.5000533333333,-0.0815630885122411,0.018279569892473115
2022-11-29 16:45:00,141.92,143.35772,-0.014896421845574439,-0.015053763440860216
2022-11-29 17:00:00,141.9,143.22638666666668,0.018436911487758893,-0.015053763440860216
2022-11-29 17:15:00,141.56,143.07340666666667,0.03510357815442555,-0.08172043010752689
2022-11-29 17:30:00,141.543,142.91360666666665,0.10177024482109222,-0.14838709677419354
2022-11-29 17:45:00,141.41,142.74094,0.03510357815442555,-0.14838709677419354
2022-11-29 18:00:00,141.29,142.54560666666666,0.017777777777777722,-0.13333333333333333
2022-11-29 18:15:00,140.7811,142.35168000000002,0.03444444444444439,-0.13333333333333333
2022-11-29 18:30:00,140.79,142.18901333333332,0.10111111111111105,-0.2
2022-11-29 18:45:00,140.995,142.00201333333334,0.11777777777777772,-0.2
2022-11-29 19:00:00,141.34,141.84134666666668,0.10111111111111105,-0.25
2022-11-29 19:15:00,140.92,141.64434666666665,0.056666666666666615,-0.31666666666666665
2022-11-29 19:30:00,140.8308,141.43832666666668,0.056666666666666615,-0.31666666666666665
2022-11-29 19:45:00,140.595,141.29732666666666,0.11666666666666661,-0.31666666666666665
2022-11-29 20:00:00,140.745,141.23499333333334,0.027777777777777728,-0.31666666666666665
2022-11-29 20:15:00,140.66,141.15199333333334,0.08333333333333329,-0.31666666666666665
2022-11-29 20:30:00,140.565,141.06166,0.01666666666666662,-0.25
2022-11-29 20:45:00,140.8261,140.99006666666668,0.01666666666666662,-0.31666666666666665
2022-11-29 21:00:00,141.17,140.9640666666667,0.06775362318840575,-0.2818840579710145
2022-11-30 14:30:00,140.9411,140.92394000000002,0.023309178743961316,-0.34855072463768116
2022-11-30 14:45:00,142.2056,140.97698,0.08997584541062799,-0.34855072463768116
2022-11-30 15:00:00,141.942,141.0204466666667,0.1121980676328502,-0.34855072463768116
2022-11-30 15:15:00,141.7953,141.08806,0.1121980676328502,-0.3818840579710145
2022-11-30 15:30:00,141.8199,141.15672,0.045531400966183536,-0.41521739130434787
2022-11-30 15:45:00,141.19,141.16971999999998,0.028864734299516866,-0.41521739130434787
2022-11-30 16:00:00,141.57,141.18505333333331,0.019340924775707345,-0.2985507246376811
2022-11-30 16:15:00,141.73,141.23905333333332,0.04156314699792956,-0.2318840579710145
2022-11-30 16:30:00,141.95,141.31366666666665,0.04156314699792956,-0.2318840579710145
2022-11-30 16:45:00,141.69,141.38666666666666,0.008229813664596235,-0.2318840579710145
2022-11-30 17:00:00,141.3802,141.42901333333333,0.05267425810904068,-0.16521739130434782
2022-11-30 17:15:00,140.94,141.44768000000002,-0.06399240855762599,-0.16521739130434782
2022-11-30 17:30:00,140.83,141.46534666666668,0.019340924775707348,-0.16521739130434782
2022-11-30 17:45:00,141.21,141.49094,-0.04065907522429266,-0.1318840579710145
2022-11-30 18:00:00,141.53,141.51494,-0.0750793650793651,-0.1
2022-11-30 18:15:00,141.46,141.54953333333333,0.013809523809523768,-0.1
2022-11-30 18:30:00,143.36,141.62649333333334,-0.06952380952380957,-0.1
2022-11-30 18:45:00,143.31,141.71769333333336,-0.09174603174603178,-0.16666666666666666
2022-11-30 19:00:00,144.82,141.91934,-0.09174603174603178,-0.2
2022-11-30 19:15:00,145.98,142.19668000000001,-0.05841269841269846,-0.16666666666666666
2022-11-30 19:30:00,146.0,142.51734666666667,-0.10841269841269846,-0.16666666666666666
2022-11-30 19:45:00,145.985,142.81167999999997,-0.0655555555555556,-0.23333333333333334
2022-11-30 20:00:00,146.44,143.12568000000002,-0.05666666666666672,-0.23333333333333334
2022-11-30 20:15:00,146.92,143.45701333333332,-0.09000000000000005,-0.3
2022-11-30 21:00:00,148.03,143.87968,-0.09446927374301681,-0.317283950617284
2022-12-01 14:30:00,148.0281,144.32287333333335,-0.0833581626319057,-0.317283950617284
2022-12-01 14:45:00,148.8575,144.85070666666667,-0.03335816263190569,-0.317283950617284
2022-12-01 15:00:00,147.34,145.28470666666666,-0.06113594040968347,-0.317283950617284
2022-12-01 15:15:00,146.966,145.66844,-0.0011359404096834631,-0.28395061728395066
2022-12-01 15:30:00,147.19,146.04577333333333,0.03219739292364987,-0.28395061728395066
2022-12-01 15:45:00,147.795,146.46810666666667,-0.034469273743016796,-0.21728395061728395
2022-12-01 16:00:00,148.1101,146.78477999999998,-0.03261742189116494,-0.21728395061728395
2022-12-01 16:15:00,147.9599,147.0947733333333,-0.023728533002276057,-0.15061728395061727
2022-12-01 16:30:00,147.8899,147.29943333333333,0.04293813366439061,-0.08395061728395062
2022-12-01 16:45:00,147.5619,147.40489333333335,-0.034839644113387164,-0.08395061728395062
2022-12-01 17:00:00,147.27,147.48956,0.0318270225532795,-0.08395061728395062
2022-12-01 17:15:00,147.5,147.59056,-0.0015063107800538321,-0.1506172839506173
2022-12-01 17:30:00,147.77,147.67922666666666,-0.0015063107800538321,-0.1506172839506173
2022-12-01 17:45:00,147.9373,147.74704666666668,0.08516035588661283,-0.1506172839506173
2022-12-01 18:00:00,148.18,147.75704666666667,0.06296296296296293,-0.10000000000000002
2022-12-01 18:15:00,147.8,147.74184000000002,-0.03703703703703707,-0.1
2022-12-01 18:30:00,148.13,147.69333999999998,-0.10370370370370373,-0.1
2022-12-01 18:45:00,148.135,147.74634,-0.13703703703703704,-0.1
2022-12-01 19:00:00,148.09,147.82127333333335,-0.1481481481481482,-0.16666666666666666
2022-12-01 19:15:00,148.43,147.90394,-0.21481481481481482,-0.16666666666666666
2022-12-01 19:30:00,148.5686,147.95551333333333,-0.2592592592592593,-0.23333333333333334
2022-12-01 19:45:00,148.79,148.00084,-0.3111111111111111,-0.23333333333333334
2022-12-01 20:00:00,148.86,148.0608466666667,-0.28111111111111114,-0.23333333333333334
2022-12-01 20:15:00,148.32,148.08952,-0.33111111111111113,-0.23333333333333334
2022-12-01 20:30:00,148.6,148.15872666666667,-0.3533333333333334,-0.23333333333333334
2022-12-01 20:45:00,148.55,148.24406,-0.42000000000000004,-0.23333333333333334
2022-12-01 21:00:00,148.31,148.29806,-0.4347239263803681,-0.18000000000000002
2022-12-02 14:30:00,146.865,148.23772666666667,-0.46583503749147925,-0.18000000000000002
2022-12-02 14:45:00,145.92,148.10324,-0.5858350374914792,-0.11333333333333333
2022-12-02 15:00:00,146.024,147.95950666666667,-0.5725017041581458,-0.14666666666666667
2022-12-02 15:15:00,146.385,147.8651733333333,-0.5725017041581459,-0.14666666666666667
2022-12-02 15:30:00,146.36,147.74717333333334,-0.5558350374914792,-0.14666666666666667
2022-12-02 15:45:00,146.455,147.6351733333333,-0.5780572597137014,-0.14666666666666667
2022-12-02 16:00:00,146.0029,147.49603333333332,-0.6536128152692571,-0.08
2022-12-02 16:15:00,146.2401,147.35004,-0.6536128152692571,-0.08
2022-12-02 16:30:00,146.5262,147.21388,-0.6091683708248126,-0.013333333333333334
2022-12-02 16:45:00,146.64,147.07054666666667,-0.5425017041581459,-0.013333333333333334
2022-12-02 17:00:00,146.68,146.92521333333335,-0.5591683708248125,-0.013333333333333334
2022-12-02 17:15:00,146.65,146.81388,-0.5758350374914792,-0.013333333333333334
2022-12-02 17:30:00,146.25,146.65721333333332,-0.5091683708248126,-0.013333333333333334
2022-12-02 17:45:00,146.315,146.50821333333334,-0.4202794819359237,-0.013333333333333334
2022-12-02 18:00:00,146.195,146.36721333333335,-0.3722222222222223,0.0
2022-12-02 18:15:00,146.31,146.33021333333332,-0.3411111111111112,0.0
2022-12-02 18:30:00,146.3,146.35554666666667,-0.2744444444444445,0.0
2022-12-02 18:45:00,146.56,146.39128,-0.2611111111111111,0.0
2022-12-02 19:00:00,146.2588,146.3828666666667,-0.16111111111111112,0.0
2022-12-02 19:15:00,146.275,146.3772,-0.11111111111111115,0.0
2022-12-02 19:30:00,146.2029,146.36039333333335,-0.11111111111111115,0.0
2022-12-02 19:45:00,146.7018,146.40698666666668,-0.12444444444444448,0.0
2022-12-02 20:00:00,147.67,146.50231333333335,-0.09111111111111114,0.0
2022-12-02 20:15:00,147.615,146.5749,-0.12444444444444448,0.0
2022-12-02 20:30:00,147.2,146.61223333333334,-0.17444444444444449,0.0
2022-12-02 20:45:00,147.44,146.66289999999998,-0.14111111111111113,0.0
2022-12-02 21:00:00,147.81,146.74023333333335,-0.14814345991561184,-0.011764705882352943
2022-12-05 14:30:00,150.2899,147.00956,-0.1814767932489452,-0.011764705882352943
2022-12-05 14:45:00,150.9062,147.31564,-0.22036568213783406,-0.011764705882352943
2022-12-05 15:00:00,148.78,147.48797333333331,-0.29369901547116745,-0.011764705882352943
2022-12-05 15:15:00,148.57,147.63864,-0.23592123769338963,-0.011764705882352943
2022-12-05 15:30:00,148.5997,147.7919533333333,-0.2625879043600563,-0.011764705882352943
2022-12-05 15:45:00,147.8795,147.87992,-0.2848101265822785,0.02156862745098039
2022-12-05 16:00:00,147.9,147.98933333333332,-0.3181434599156118,0.02156862745098039
2022-12-05 16:15:00,147.0966,148.0441066666667,-0.33481012658227854,0.08823529411764705
2022-12-05 16:30:00,146.7347,148.07956000000001,-0.33481012658227854,0.08823529411764705
2022-12-05 16:45:00,146.789,148.08537333333334,-0.29314345991561186,0.08823529411764705
2022-12-05 17:00:00,146.81,148.02804,-0.25981012658227853,0.08823529411764705
2022-12-05 17:15:00,147.1625,147.99787333333333,-0.2764767932489452,0.08823529411764705
2022-12-05 17:30:00,146.9689,147.98246666666668,-0.25981012658227853,0.08823529411764705
2022-12-05 17:45:00,146.745,147.93613333333332,-0.31536568213783406,0.02156862745098039
2022-12-05 18:00:00,146.76,147.86613333333335,-0.26388888888888895,0.03333333333333333
2022-12-05 18:15:00,146.675,147.62514000000002,-0.2305555555555556,-0.03333333333333333
2022-12-05 18:30:00,146.7201,147.34606666666664,-0.19166666666666674,-0.1
2022-12-05 18:45:00,146.45,147.19073333333336,-0.18500000000000005,-0.1
2022-12-05 19:00:00,146.045,147.02239999999998,-0.22944444444444448,-0.1
2022-12-05 19:15:00,146.225,146.86408666666665,-0.23611111111111116,-0.1
2022-12-05 19:30:00,146.13,146.7474533333333,-0.21388888888888893,-0.2
2022-12-05 19:45:00,146.06,146.62478666666667,-0.21388888888888893,-0.26666666666666666
2022-12-05 20:00:00,146.075,146.55668,-0.19722222222222227,-0.26666666666666666
2022-12-05 20:15:00,146.02,146.50903333333332,-0.19722222222222227,-0.26666666666666666
2022-12-05 20:30:00,146.095,146.46276666666665,-0.2055555555555556,-0.26666666666666666
2022-12-05 20:45:00,146.27,146.42676666666665,-0.2055555555555556,-0.26666666666666666
2022-12-05 21:00:00,146.63,146.39126666666664,-0.16439089692101747,-0.28717948717948716
2022-12-06 14:30:00,146.55,146.36334,-0.15327978580990637,-0.28717948717948716
2022-12-06 14:45:00,145.425,146.27534,-0.17550200803212856,-0.2205128205128205
2022-12-06 15:00:00,144.76,146.14200666666665,-0.269946452476573,-0.2205128205128205
2022-12-06 15:15:00,144.835,146.01934,-0.269946452476573,-0.15384615384615383
2022-12-06 15:30:00,143.71,145.81866666666667,-0.33661311914323966,-0.15384615384615383
2022-12-06 15:45:00,144.03,145.65733333333336,-0.2921686746987952,-0.15384615384615383
2022-12-06 16:00:00,144.395,145.54733333333334,-0.2921686746987952,-0.15384615384615383
2022-12-06 16:15:00,144.505,145.43266666666668,-0.27550200803212854,-0.15384615384615383
2022-12-06 16:30:00,144.615,145.33166666666665,-0.27550200803212854,-0.08717948717948718
2022-12-06 16:45:00,144.7,145.24099999999999,-0.2921686746987952,-0.020512820512820513
2022-12-06 17:00:00,144.61,145.14333333333335,-0.32074010327022384,-0.08717948717948718
2022-12-06 17:15:00,144.21,145.02266666666668,-0.28740676993689046,-0.08717948717948718
2022-12-06 17:30:00,144.2,144.89633333333333,-0.26518454771466826,-0.08717948717948718
2022-12-06 18:00:00,143.7401,144.72767333333334,-0.31518454771466825,-0.020512820512820513
2022-12-06 18:15:00,143.87,144.54367333333332,-0.32857142857142857,0.0
2022-12-06 18:30:00,143.78,144.35900666666666,-0.27301587301587305,0.0
2022-12-06 18:45:00,143.695,144.24367333333333,-0.21190476190476196,0.0
2022-12-06 19:00:00,142.81,144.11367333333334,-0.18412698412698417,0.0
2022-12-06 19:15:00,142.5699,143.96266666666668,-0.16190476190476194,0.0
2022-12-06 19:30:00,142.34,143.87133333333333,-0.1441269841269842,0.06666666666666667
2022-12-06 19:45:00,142.59,143.77533333333335,-0.1885714285714286,0.06666666666666667
2022-12-06 20:00:00,142.54,143.65166666666667,-0.22190476190476194,0.06666666666666667
2022-12-06 20:15:00,142.09,143.49066666666667,-0.20523809523809527,0.0
2022-12-06 20:30:00,142.4262,143.34474666666668,-0.22746031746031747,0.0
2022-12-06 20:45:00,142.875,143.22308,-0.24412698412698414,-0.06666666666666667
2022-12-06 21:00:00,142.91,143.10974666666664,-0.22341880341880346,-0.07
2022-12-07 14:30:00,142.33,142.98441333333332,-0.1900854700854701,-0.07
2022-12-07 14:45:00,141.105,142.77808000000002,-0.11230769230769237,-0.07
2022-12-07 15:00:00,140.86,142.58607333333333,-0.02230769230769236,-0.13666666666666666
2022-12-07 15:15:00,141.27,142.41274,-8.547008547014068e-05,-0.13666666666666666
2022-12-07 15:30:00,141.0591,142.23134666666664,-0.050085470085470145,-0.16999999999999998
2022-12-07 15:45:00,141.95,142.11501333333334,-0.06675213675213681,-0.16999999999999998
2022-12-07 16:00:00,141.3611,142.01842,0.022136752136752074,-0.16999999999999998
2022-12-07 16:15:00,140.84,141.90309333333335,-0.04452991452991459,-0.16999999999999998
2022-12-07 16:30:00,140.9901,141.8131,-0.034529914529914586,-0.16999999999999998
2022-12-07 16:45:00,140.89,141.69976666666668,-0.0011965811965812514,-0.16999999999999998
2022-12-07 17:00:00,141.23,141.61243333333334,0.009914529914529862,-0.10333333333333332
2022-12-07 17:15:00,140.9409,141.53582666666668,0.009914529914529862,-0.03666666666666667
2022-12-07 17:30:00,140.87,141.43208,0.09880341880341875,-0.10333333333333333
2022-12-07 17:45:00,141.0299,141.30907333333334,0.13213675213675208,-0.05333333333333334
2022-12-07 18:00:00,140.885,141.17407333333333,0.13999999999999996,-0.05
2022-12-07 18:15:00,141.28,141.10407333333333,0.07333333333333328,-0.05
2022-12-07 18:30:00,141.1601,141.10774666666666,0.05111111111111106,-0.05
2022-12-07 18:45:00,140.875,141.10874666666666,-0.022222222222222275,-0.05
2022-12-07 19:00:00,141.055,141.09441333333334,-0.022222222222222275,-0.05
2022-12-07 19:15:00,141.1334,141.09936666666667,-0.038888888888888945,-0.01666666666666667
2022-12-07 19:30:00,141.33,141.05803333333333,-0.10555555555555561,-0.08333333333333333
2022-12-07 19:45:00,140.865,141.02496000000002,-0.2166666666666667,-0.08333333333333333
2022-12-07 20:00:00,140.245,140.98529333333332,-0.1833333333333334,-0.08333333333333333
2022-12-07 21:00:00,140.94,140.98195333333334,-0.17182130584192443,-0.13666666666666666
2022-12-08 14:30:00,141.885,141.04828666666666,-0.19404352806414668,-0.13666666666666666
2022-12-08 14:45:00,142.26,141.11695333333333,-0.17182130584192448,-0.2033333333333333
2022-12-08 15:00:00,142.8187,141.24213999999998,-0.22182130584192447,-0.2033333333333333
2022-12-08 15:15:00,143.2835,141.40304,-0.25515463917525777,-0.13666666666666666
2022-12-08 15:30:00,142.93,141.52971333333335,-0.25515463917525777,-0.12000000000000001
2022-12-08 15:45:00,143.055,141.67437999999999,-0.23293241695303554,-0.12000000000000001
2022-12-08 16:00:00,142.5817,141.76116,-0.1551546391752578,-0.12000000000000001
2022-12-08 16:15:00,142.4313,141.84590666666665,-0.19959908361970224,-0.12000000000000001
2022-12-08 16:30:00,142.71,141.96824,-0.17737686139748002,-0.05333333333333334
2022-12-08 16:45:00,142.899,142.09117333333333,-0.24404352806414667,-0.05333333333333334
2022-12-08 17:00:00,142.6512,142.19236,-0.22737686139748,-0.05333333333333334
2022-12-08 17:15:00,142.05,142.24035999999998,-0.11071019473081334,0.01333333333333333
2022-12-08 17:30:00,142.22,142.33069333333333,-0.0662657502863689,0.01333333333333333
2022-12-08 17:45:00,142.39,142.47369333333333,-0.09959908361970224,0.01333333333333333
2022-12-08 18:00:00,142.43,142.57302666666666,-0.07222222222222227,0.06666666666666667
2022-12-08 18:15:00,142.4909,142.61342000000002,-0.05000000000000006,0.06666666666666667
2022-12-08 18:30:00,143.1814,142.67484666666667,-0.05000000000000006,0.06666666666666667
2022-12-08 18:45:00,142.77,142.6716,0.04999999999999994,0.06666666666666667
2022-12-08 19:00:00,141.85,142.57603333333333,-0.033333333333333395,0.06666666666666667
2022-12-08 19:15:00,142.205,142.5277,-0.05555555555555561,0.06666666666666667
2022-12-08 19:30:00,142.52,142.49203333333335,-0.11111111111111116,0.06666666666666667
2022-12-08 19:45:00,142.655,142.49692,-0.18888888888888894,0.06666666666666667
2022-12-08 20:00:00,142.6397,142.51081333333332,-0.18888888888888894,0.06666666666666667
2022-12-08 20:15:00,142.92,142.52481333333333,-0.17777777777777787,0.0
2022-12-08 20:30:00,142.585,142.50388,-0.11111111111111116,0.0
2022-12-08 20:45:00,142.72,142.50846666666666,-0.16111111111111115,0.0
2022-12-08 21:00:00,142.65,142.54846666666666,-0.21855611957134805,-0.0047619047619047615
2022-12-09 14:30:00,141.42,142.49513333333334,-0.2518894529046814,-0.0047619047619047615
2022-12-09 14:45:00,141.6,142.44246666666666,-0.20744500846023695,-0.0047619047619047615
2022-12-09 15:00:00,142.12,142.42180000000002,-0.22966723068245914,-0.0047619047619047615
2022-12-09 15:15:00,142.185,142.40140666666667,-0.22966723068245914,-0.0047619047619047615
2022-12-09 15:30:00,142.97,142.3873133333333,-0.2696672306824591,-0.0047619047619047615
2022-12-09 15:45:00,143.72,142.45064666666667,-0.2863338973491258,-0.0047619047619047615
2022-12-09 16:00:00,144.21,142.60798000000003,-0.2363338973491258,-0.0047619047619047615
2022-12-09 16:15:00,144.5,142.76098000000002,-0.20458786560309408,0.06190476190476191
2022-12-09 16:30:00,144.28,142.87831333333332,-0.19347675449198298,0.1285714285714286
2022-12-09 16:45:00,144.9786,143.03321999999997,-0.15538151639674486,0.1285714285714286
2022-12-09 17:00:00,145.395,143.21690666666666,-0.15538151639674486,0.1285714285714286
2022-12-09 17:15:00,145.06,143.35957333333332,-0.16871484973007822,0.1285714285714286
2022-12-09 17:30:00,144.705,143.50090666666665,-0.18538151639674488,0.1285714285714286
2022-12-09 17:45:00,144.49,143.61890666666667,-0.15204818306341156,0.1285714285714286
2022-12-09 18:00:00,143.91,143.70290666666668,-0.14460317460317465,0.13333333333333333
2022-12-09 18:15:00,143.9991,143.87484666666666,-0.17793650793650798,0.06666666666666667
2022-12-09 18:30:00,144.32,144.05618,-0.24460317460317466,0.06666666666666667
2022-12-09 18:45:00,144.1302,144.19019333333335,-0.17793650793650798,0.06666666666666667
2022-12-09 19:00:00,143.98,144.30986,-0.20015873015873023,0.06666666666666667
2022-12-09 19:15:00,144.2548,144.39551333333333,-0.20460317460317468,0.06666666666666667
2022-12-09 19:30:00,144.02,144.41551333333334,-0.23793650793650797,0.06666666666666667
2022-12-09 19:45:00,143.99,144.4008466666667,-0.2512698412698413,0.06666666666666667
2022-12-09 20:00:00,143.92,144.36218000000002,-0.1941269841269842,0.0
2022-12-09 20:15:00,143.68,144.32218,-0.2385714285714286,-0.06666666666666667
2022-12-09 20:30:00,142.97,144.1882733333333,-0.21000000000000008,-0.06666666666666667
2022-12-09 20:45:00,142.235,143.97760666666667,-0.21000000000000008,-0.06666666666666667
2022-12-09 21:00:00,142.16,143.78427333333332,-0.20826086956521744,-0.07017543859649122
2022-12-12 14:30:00,141.93,143.59927333333331,-0.19159420289855078,-0.13684210526315788
2022-12-12 14:45:00,142.46,143.46394,-0.19159420289855078,-0.07017543859649122
2022-12-12 15:00:00,142.575,143.37494,-0.17492753623188412,-0.07017543859649122
2022-12-12 15:15:00,142.15,143.25166666666667,-0.10826086956521745,-0.0035087719298245576
2022-12-12 15:30:00,141.585,143.06933333333333,-0.05826086956521745,-0.0035087719298245576
2022-12-12 15:45:00,141.725,142.9089866666667,-0.13826086956521746,-0.0035087719298245576
2022-12-12 16:00:00,142.17,142.78832,-0.11603864734299524,-0.0035087719298245576
2022-12-12 16:15:00,142.3177,142.65918000000002,-0.08826086956521745,-0.0035087719298245576
2022-12-12 16:30:00,141.9144,142.51880666666668,-0.054927536231884115,-0.0035087719298245576
2022-12-12 16:45:00,141.86,142.37680666666665,-0.041594202898550786,-0.0035087719298245576
2022-12-12 17:00:00,141.905,142.24247333333332,-0.10826086956521745,-0.0035087719298245576
2022-12-12 17:15:00,142.0445,142.13344,-0.041594202898550786,-0.0035087719298245576
2022-12-12 17:30:00,142.3801,142.09411333333335,-0.03048309178743968,-0.07017543859649122
2022-12-12 18:00:00,142.255,142.09544666666667,-0.013816425120773015,-0.13684210526315788
2022-12-12 18:15:00,142.31,142.10544666666667,0.031111111111111044,-0.13333333333333333
2022-12-12 18:30:00,142.36,142.13411333333335,0.05333333333333326,-0.06666666666666667
2022-12-12 18:45:00,142.76,142.15411333333333,0.10888888888888883,-0.06666666666666667
2022-12-12 19:00:00,142.44,142.14511333333334,0.09222222222222216,-0.06666666666666667
2022-12-12 19:15:00,142.735,142.18411333333333,0.09222222222222216,-0.06666666666666667
2022-12-12 19:30:00,143.05,142.28178,0.14888888888888882,-0.06666666666666667
2022-12-12 19:45:00,143.81,142.42078,0.09555555555555549,-0.13333333333333333
2022-12-12 20:00:00,143.9,142.5361133333333,0.028888888888888815,-0.13333333333333333
2022-12-12 20:15:00,144.1105,142.65563333333333,0.034444444444444375,-0.13333333333333333
2022-12-12 20:30:00,143.92,142.78933999999998,0.0011111111111110424,-0.13333333333333333
2022-12-12 20:45:00,144.2685,142.94990666666666,0.0011111111111110424,-0.13333333333333333
2022-12-12 21:00:00,144.49,143.12224,-0.001503267973856278,-0.13333333333333333
2022-12-13 14:30:00,149.0999,143.5926,0.023496732026143722,-0.13333333333333333
2022-12-13 14:45:00,149.369,144.05852666666667,-0.02094771241830072,-0.06666666666666667
2022-12-13 15:00:00,148.71,144.48886,-0.10428104575163406,0.0
2022-12-13 15:15:00,148.59,144.90752666666668,-0.19316993464052296,0.0
2022-12-13 15:30:00,147.22,145.23152666666664,-0.23539215686274517,0.0
2022-12-13 15:45:00,147.52,145.54886,-0.25761437908496737,-0.1
2022-12-13 16:00:00,147.73,145.90152666666665,-0.25761437908496737,-0.1
2022-12-13 16:15:00,147.7,146.23252666666667,-0.25761437908496737,-0.1
2022-12-13 16:30:00,147.55,146.53252666666666,-0.2865032679738562,-0.03333333333333333
2022-12-13 16:45:00,145.74,146.66119333333333,-0.2087254901960785,0.03333333333333333
2022-12-13 17:00:00,145.2,146.74785999999997,-0.11983660130718962,0.03333333333333333
2022-12-13 17:15:00,144.98,146.80582666666666,-0.08205882352941182,0.03333333333333333
2022-12-13 17:30:00,145.095,146.88416,-0.08205882352941182,0.03333333333333333
2022-12-13 17:45:00,144.99,146.93226,-0.06539215686274516,0.03333333333333333
2022-12-13 18:00:00,144.93,146.96159333333333,-0.06277777777777785,0.1
2022-12-13 18:15:00,145.25,146.70493333333332,-0.15444444444444452,0.1
2022-12-13 18:30:00,145.26,146.431,-0.13777777777777786,0.1
2022-12-13 18:45:00,144.995,146.18333333333334,-0.08777777777777786,0.1
2022-12-13 19:00:00,144.445,145.907,0.034444444444444375,0.1
2022-12-13 19:15:00,145.02,145.7603333333333,0.009999999999999927,0.1
2022-12-13 19:30:00,145.52,145.62699999999998,-0.006666666666666736,0.13333333333333333
2022-12-13 19:45:00,145.02,145.44633333333334,0.0266666666666666,0.13333333333333333
2022-12-13 20:00:00,144.57,145.23766666666668,0.059999999999999935,0.13333333333333333
2022-12-13 20:15:00,145.2611,145.08507333333333,0.020317460317460255,0.06666666666666667
2022-12-13 20:30:00,145.33,145.05774000000002,-0.057460317460317524,0.06666666666666667
2022-12-13 20:45:00,145.44,145.07374,-0.11301587301587307,0.06666666666666667
2022-12-13 21:00:00,145.47,145.1064066666667,-0.14596526219562875,0.04761904761904762
2022-12-14 14:30:00,145.9266,145.1618466666667,-0.1592985955289621,0.04761904761904762
2022-12-14 14:45:00,146.28,145.24784666666667,-0.14263192886229542,0.04761904761904762
2022-12-14 15:00:00,146.5199,145.35384000000002,-0.171203357433724,-0.019047619047619046
2022-12-14 15:15:00,146.275,145.42217333333335,-0.08787002410039066,-0.019047619047619046
2022-12-14 15:30:00,146.04,145.47417333333334,-0.09342557965594621,-0.019047619047619046
2022-12-14 15:45:00,146.01,145.54184,-0.06723510346547003,-0.019047619047619046
2022-12-14 16:00:00,145.8699,145.63683333333333,-0.14056843679880335,-0.019047619047619046
2022-12-14 16:15:00,145.905,145.69583333333333,-0.0961239923543589,-0.019047619047619046
2022-12-14 16:30:00,146.07,145.73250000000002,-0.07945732568769225,-0.019047619047619046
2022-12-14 16:45:00,145.98,145.7965,-0.15088589711626368,-0.019047619047619046
2022-12-14 17:00:00,145.68,145.8705,-0.19755256378293035,-0.019047619047619046
2022-12-14 17:15:00,145.6208,145.89448,-0.16898113521150174,-0.019047619047619046
2022-12-14 17:30:00,145.5161,145.90688666666665,-0.11898113521150178,-0.019047619047619046
2022-12-14 17:45:00,145.315,145.89855333333333,-0.11898113521150178,-0.019047619047619046
2022-12-14 18:00:00,145.7399,145.91654666666668,-0.1210317460317461,0.0
2022-12-14 18:15:00,145.68,145.90010666666666,-0.1410317460317461,0.0
2022-12-14 18:30:00,146.37,145.90610666666666,-0.17436507936507942,0.0
2022-12-14 18:45:00,146.4,145.89811333333333,-0.17912698412698416,0.0
2022-12-14 19:00:00,143.59,145.71911333333335,-0.14817460317460324,0.0
2022-12-14 19:15:00,143.06,145.5204466666667,-0.05928571428571437,0.0
2022-12-14 19:30:00,142.2109,145.26717333333332,-0.06880952380952389,0.0
2022-12-14 19:45:00,142.61,145.04984666666667,-0.11214285714285722,0.0
2022-12-14 20:00:00,144.37,144.94751333333335,-0.13436507936507944,0.0
2022-12-14 20:15:00,143.4384,144.77207333333337,-0.1676984126984128,0.0
2022-12-14 20:30:00,142.84,144.56274,-0.19626984126984137,0.0
2022-12-14 20:45:00,143.23,144.3994066666667,-0.21626984126984136,0.0
2022-12-14 21:00:00,143.21,144.23868666666667,-0.227328293086587,-0.006060606060606061
2022-12-15 14:30:00,140.1712,143.88236,-0.18399495975325367,-0.006060606060606061
2022-12-15 14:45:00,139.3051,143.4817,-0.19510607086436477,-0.006060606060606061
2022-12-15 15:00:00,138.78,143.01770666666667,-0.2089949597532537,-0.006060606060606061
2022-12-15 15:15:00,138.865,142.56337333333335,-0.19990405066234457,-0.006060606060606061
2022-12-15 15:30:00,139.09,142.07804,-0.21895166970996363,-0.006060606060606061
2022-12-15 15:45:00,138.73,141.56670666666665,-0.1856183363766303,-0.006060606060606061
2022-12-15 16:00:00,138.305,141.21437333333333,-0.23323738399567792,-0.006060606060606061
2022-12-15 16:15:00,138.13,140.88570666666666,-0.3399040506623445,-0.006060606060606061
2022-12-15 16:30:00,138.0801,140.61032000000003,-0.2732373839956779,-0.006060606060606061
2022-12-15 16:45:00,137.765,140.28732,-0.25657071732901127,-0.006060606060606061
2022-12-15 17:00:00,137.88,139.85465333333335,-0.2876818284401223,-0.006060606060606061
2022-12-15 17:15:00,137.925,139.48709333333332,-0.25434849510678903,-0.006060606060606061
2022-12-15 17:30:00,137.875,139.15609333333336,-0.19879293955123348,-0.07272727272727272
2022-12-15 17:45:00,137.415,138.76842666666667,-0.16545960621790012,-0.07272727272727272
2022-12-15 18:00:00,136.895,138.34742666666668,-0.1766233766233767,-0.06666666666666667
2022-12-15 18:15:00,136.76,138.12001333333333,-0.21662337662337672,-0.06666666666666667
2022-12-15 18:30:00,137.05,137.96967333333333,-0.1721789321789323,-0.06666666666666667
2022-12-15 18:45:00,136.6494,137.82763333333332,-0.14995670995671004,-0.06666666666666667
2022-12-15 19:00:00,136.63,137.67863333333335,-0.1257142857142858,-0.06666666666666667
2022-12-15 19:15:00,136.275,137.49096666666665,-0.14666666666666678,-0.06666666666666667
2022-12-15 19:30:00,136.84,137.36496666666667,-0.14666666666666678,-0.06666666666666667
2022-12-15 19:45:00,136.8221,137.26610666666664,-0.12444444444444455,-0.06666666666666667
2022-12-15 20:00:00,136.83,137.17944,-0.10111111111111121,-0.06666666666666667
2022-12-15 20:15:00,136.76,137.09143333333336,-0.1677777777777779,-0.06666666666666667
2022-12-15 20:30:00,136.315,136.9947666666667,-0.0677777777777779,-0.06666666666666667
2022-12-15 20:45:00,136.51,136.90343333333334,-0.0811111111111112,-0.06666666666666667
2022-12-15 21:00:00,136.5,136.80843333333334,-0.08830065359477134,-0.0857142857142857
2022-12-16 14:30:00,135.99,136.68276666666668,-0.14385620915032687,0.04761904761904762
2022-12-16 14:45:00,137.035,136.65743333333333,-0.14385620915032687,0.04761904761904762
2022-12-16 15:00:00,135.61,136.57176666666666,-0.09941176470588246,0.04761904761904762
2022-12-16 15:15:00,135.12,136.46243333333334,-0.08607843137254913,0.04761904761904762
2022-12-16 15:30:00,135.285,136.34476666666666,-0.08607843137254913,0.04761904761904762
2022-12-16 15:45:00,135.07,136.23947333333334,-0.10274509803921579,0.04761904761904762
2022-12-16 16:00:00,134.51,136.09814,-0.13607843137254913,0.04761904761904762
2022-12-16 16:15:00,134.755,135.99680666666666,-0.09607843137254912,0.04761904761904762
2022-12-16 16:30:00,134.87,135.86547333333334,-0.1627450980392158,0.04761904761904762
2022-12-16 16:45:00,134.555,135.71433333333331,-0.18496732026143803,0.04761904761904762
2022-12-16 17:00:00,134.75,135.57566666666668,-0.18496732026143803,0.04761904761904762
2022-12-16 17:15:00,134.825,135.44666666666666,-0.23496732026143802,0.04761904761904762
2022-12-16 17:30:00,135.05,135.36233333333334,-0.32385620915032687,0.04761904761904762
2022-12-16 17:45:00,134.375,135.22,-0.2738562091503269,0.04761904761904762
2022-12-16 18:00:00,134.26,135.07066666666665,-0.2666666666666667,0.06666666666666667
2022-12-16 18:15:00,134.07,134.94266666666667,-0.2666666666666667,0.0
2022-12-16 18:30:00,134.095,134.74666666666664,-0.31111111111111117,-0.06666666666666667
2022-12-16 18:45:00,134.235,134.655,-0.3777777777777779,-0.06666666666666667
2022-12-16 19:00:00,134.425,134.60866666666666,-0.40000000000000013,-0.13333333333333333
2022-12-16 19:15:00,134.04,134.52566666666667,-0.3777777777777779,-0.13333333333333333
2022-12-16 19:30:00,133.818,134.4422,-0.42777777777777787,-0.13333333333333333
2022-12-16 19:45:00,134.165,134.4192,-0.43253968253968267,-0.13333333333333333
2022-12-16 20:00:00,134.5467,134.40531333333334,-0.46587301587301594,-0.13333333333333333
2022-12-16 20:15:00,134.7516,134.39741999999998,-0.3992063492063493,-0.13333333333333333
2022-12-16 20:30:00,135.175,134.43875333333332,-0.4325396825396826,-0.13333333333333333
2022-12-16 20:45:00,135.02,134.45675333333332,-0.41587301587301595,-0.13333333333333333
2022-12-16 21:00:00,134.51,134.43575333333334,-0.36587301587301596,-0.13333333333333333
