date,price,return,gen_com_negative_mean,gen_com_neutral_mean,gen_com_positive_mean
2022-10-31 14:30:00,295.91,0.18999999999999773,0.21740426821634173,0.2514485493302345,0.031147189438343048
2022-10-31 14:45:00,294.4,-1.5100000000000477,0.4357621967792511,0.05426970589905977,0.00996810244396329
2022-10-31 15:00:00,293.39,-1.009999999999991,0.4088372141122818,0.5543675571680069,0.03679529204964638
2022-10-31 15:15:00,290.83,-2.5600000000000023,0.013642407953739166,0.37597188353538513,0.1103857234120369
2022-10-31 15:30:00,291.92,1.0900000000000318,0.37834668159484863,0.10985816270112991,0.011795124970376492
2022-10-31 16:00:00,290.01,-1.910000000000025,0.0,0.0,0.0
2022-10-31 16:15:00,291.69,1.6800000000000068,0.1247367113828659,0.3593183755874634,0.015944896265864372
2022-10-31 16:30:00,292.25,0.5600000000000023,0.4676932990550995,0.02268356829881668,0.009623164311051369
2022-10-31 16:45:00,290.685,-1.5649999999999977,0.26827259734272957,0.04892904311418533,0.18279836047440767
2022-10-31 17:00:00,291.71,1.0249999999999773,0.16525338978196183,0.1485195184747378,0.1862271026087304
2022-10-31 17:15:00,291.76,0.05000000000001137,0.2156780456425622,0.17137963697314262,0.1129423282109201
2022-10-31 17:30:00,290.1,-1.6599999999999682,0.460238516330719,0.03402431681752205,0.005737187806516886
2022-10-31 17:45:00,290.5283,0.4282999999999788,0.20549653734390935,0.22958068052927652,0.0649227686226368
2022-10-31 18:00:00,289.945,-0.5833000000000084,0.06015889346599579,0.035403501242399216,0.4044376015663147
2022-10-31 18:15:00,291.025,1.079999999999984,0.4558561444282532,0.03773188218474388,0.006411983631551266
2022-10-31 18:30:00,291.135,0.11000000000001364,0.4056871831417084,0.07556162029504776,0.01875116489827633
2022-10-31 18:45:00,291.31,0.17500000000001137,0.1276191832497716,0.2867404133081436,0.0856404012069106
2022-10-31 19:00:00,291.08,-0.2300000000000182,0.2279228175369402,0.23789385023216406,0.034183333783100046
2022-10-31 19:15:00,292.2,1.1200000000000045,0.18626823276281357,0.17097667008638381,0.1427550956606865
2022-10-31 19:45:00,291.81,-0.38999999999998636,0.1327488273382187,0.33097711205482483,0.03627404943108559
2022-10-31 20:00:00,291.13,-0.6800000000000068,0.42478033900260925,0.03916250728070736,0.03605715278536081
2022-10-31 20:15:00,291.71,0.5799999999999841,0.11960949015337974,0.0911283791065216,0.2892621241044253
2022-10-31 20:30:00,292.57,0.8600000000000136,0.4028884470462799,0.041572995483875275,0.055538560496643186
2022-10-31 20:45:00,291.75,-0.8199999999999932,0.4039396643638611,0.01884538121521473,0.07721494138240814
2022-10-31 21:00:00,291.88,0.12999999999999545,0.22917829478123727,0.34978573337251034,0.42103595540930444
2022-11-01 14:30:00,296.57,4.689999999999998,0.32891036570072174,0.15909843146800995,0.011991203296929598
2022-11-01 14:45:00,294.81,-1.759999999999991,0.22515227366238832,0.25880205631256104,0.01604564255103469
2022-11-01 15:00:00,291.79,-3.019999999999982,0.011388295330107212,0.42604467272758484,0.06256702542304993
2022-11-01 15:15:00,292.3346,0.5446000000000026,0.27026404021307826,0.14911408023908734,0.08062187908217311
2022-11-01 15:30:00,290.0037,-2.3309000000000424,0.12228665500879288,0.36146751046180725,0.016245868057012558
2022-11-01 15:45:00,289.305,-0.6986999999999739,0.11768409609794617,0.1840197890996933,0.19829611480236053
2022-11-01 16:00:00,291.01,1.704999999999984,0.40098629395167035,0.0718194047609965,0.027194274899860222
2022-11-01 16:30:00,288.83,-2.180000000000007,0.3641943434874217,0.12435440222422282,0.011451265619446835
2022-11-01 16:45:00,290.245,1.4150000000000205,0.0,0.0,0.0
2022-11-01 17:00:00,289.2835,-0.9615000000000009,0.09452629811130464,0.2634793631732464,0.14199434919282794
2022-11-01 17:15:00,288.43,-0.8534999999999968,0.05244312062859535,0.4027549624443054,0.044801920652389526
2022-11-01 17:30:00,287.445,-0.9850000000000136,0.2158367559313774,0.24558781335751215,0.03857544343918562
2022-11-01 17:45:00,287.76,0.3149999999999977,0.46548131108283997,0.016429711133241653,0.01808898337185383
2022-11-01 18:00:00,289.05,1.2900000000000205,0.29423539464672405,0.05924829343954722,0.14651632433136305
2022-11-01 18:15:00,288.36,-0.6899999999999977,0.31050924956798553,0.1787991877645254,0.010691564064472914
2022-11-01 18:30:00,287.82,-0.5400000000000205,0.012351615354418755,0.4675523340702057,0.020096037536859512
2022-11-01 18:45:00,288.08,0.2599999999999909,0.36121247708797455,0.11650100909173489,0.0222864868119359
2022-11-01 19:00:00,287.89,-0.18999999999999773,0.9077155888080597,0.05259116645902395,0.03969326429069042
2022-11-01 19:15:00,288.13,0.2400000000000091,0.36270689964294434,0.11544092744588852,0.021852198988199234
2022-11-01 19:30:00,287.54,-0.589999999999975,0.4508713185787201,0.03743654116988182,0.011692141182720661
2022-11-01 19:45:00,288.49,0.9499999999999886,0.3786407709121704,0.09155964106321335,0.029799608513712883
2022-11-01 20:00:00,287.6872,-0.8027999999999906,0.40821243822574615,0.06270000757649541,0.029087543953210115
2022-11-01 20:15:00,287.25,-0.43720000000001846,0.16742976723859707,0.18905474866429964,0.14351548378666243
2022-11-01 20:30:00,287.0925,-0.15750000000002728,0.29170513649781543,0.035547394615908466,0.17274748285611471
2022-11-01 20:45:00,286.775,-0.31749999999999545,0.3299327033261458,0.010919984119633833,0.15914730758716664
2022-11-01 21:00:00,286.75,-0.024999999999977263,0.3102368384551727,0.4383233436883519,0.25143982403022613
2022-11-02 14:30:00,282.7996,-3.950400000000002,0.18756293654441833,0.26126255709677937,0.0511745092459023
2022-11-02 15:00:00,281.885,-0.9146000000000072,0.25894116167910397,0.15195038076490164,0.0891084645409137
2022-11-02 15:30:00,282.385,0.5,0.04550034389831126,0.4210903197526932,0.03340934030711651
2022-11-02 15:45:00,281.87,-0.5149999999999864,0.6936357500962913,0.2516175894998014,0.054746625712141395
2022-11-02 16:00:00,279.51,-2.3600000000000136,0.15527397128088133,0.13741972936051233,0.2073063040152192
2022-11-02 16:15:00,279.83,0.3199999999999932,0.20244820415973663,0.2017620000988245,0.09578980132937431
2022-11-02 16:30:00,280.4543,0.6243000000000052,0.0455619974527508,0.3834415450692177,0.07099645608104765
2022-11-02 16:45:00,281.4,0.945699999999988,0.0257054278627038,0.012713585514575243,0.4615809768438339
2022-11-02 17:00:00,280.22,-1.17999999999995,0.25024772838999826,0.1332205624009172,0.11653171169261138
2022-11-02 17:15:00,279.0702,-1.1498000000000275,0.013607245869934559,0.42570585012435913,0.06068689748644829
2022-11-02 17:30:00,278.34,-0.7302000000000248,0.0,0.0,0.0
2022-11-02 17:45:00,280.175,1.8350000000000364,0.38646119832992554,0.1071164277382195,0.0064223826630041
2022-11-02 18:00:00,278.94,-1.2350000000000136,0.03632833799347281,0.25797390639781953,0.20569776743650436
2022-11-02 18:15:00,278.92,-0.01999999999998181,0.18501275529464087,0.07910449678699176,0.23588275909423828
2022-11-02 18:30:00,279.9305,1.010499999999979,0.0,0.0,0.0
2022-11-02 18:45:00,281.1391,1.20859999999999,0.16663472540676594,0.0905892186399017,0.24277604584183013
2022-11-02 19:00:00,285.5,4.360900000000015,0.0,0.0,0.0
2022-11-02 19:15:00,286.4368,0.9368000000000052,0.4264005124568939,0.032728138379752636,0.04087135490650932
2022-11-02 19:30:00,283.12,-3.3168000000000006,0.37892791628837585,0.06964834779500961,0.05142370983958244
2022-11-02 19:45:00,279.45,-3.670000000000016,0.10433703633025289,0.8026289217174053,0.0930340226739645
2022-11-02 20:00:00,279.2351,-0.2149000000000001,0.44989922642707825,0.01572885364294052,0.03437193017452955
2022-11-02 20:15:00,274.86,-4.375099999999975,0.3416029214859009,0.050498779863119125,0.10789830982685089
2022-11-02 20:30:00,274.74,-0.12000000000000455,0.21465868493542076,0.1345437914133072,0.15079752914607525
2022-11-02 20:45:00,273.26,-1.4800000000000182,0.0072596073150634766,0.29850999265909195,0.19423040375113487
2022-11-02 21:00:00,273.0,-0.2599999999999909,0.314250654778519,0.3671627348266179,0.3185865938799774
2022-11-03 14:30:00,271.8143,-1.185699999999997,0.04810022935271263,0.012835171073675156,0.4390645921230316
2022-11-03 14:45:00,271.25,-0.5643000000000029,0.17584009561687708,0.12182606430724263,0.2023338230792433
2022-11-03 15:15:00,273.73,2.480000000000018,0.005275295116007328,0.40686318278312683,0.0878615528345108
2022-11-03 15:30:00,273.293,-0.4370000000000118,0.3258781280368567,0.5506952252238989,0.12342665493488311
2022-11-03 16:15:00,273.47,0.17700000000002092,0.18987782392650843,0.2657538540661335,0.04436832666397095
2022-11-03 16:30:00,272.75,-0.7200000000000273,0.015986394602805376,0.26593071687966585,0.21808289736509323
2022-11-03 16:45:00,273.2099,0.45990000000000464,0.2491187732666731,0.013739774469286203,0.237141452729702
2022-11-03 17:00:00,272.57,-0.6399000000000115,0.11263024636233847,0.3114602863788605,0.07590947082887094
2022-11-03 17:15:00,272.88,0.3100000000000023,0.19330917997285724,0.20335470605641603,0.1033361149020493
2022-11-03 17:30:00,273.874,0.9940000000000282,0.12733882665634155,0.35512682795524597,0.01753433793783188
2022-11-03 17:45:00,274.72,0.8460000000000036,0.3058432787656784,0.1743063684552908,0.019850354874506593
2022-11-03 18:00:00,274.25,-0.4700000000000273,0.07068601716309786,0.20635706931352615,0.22295691817998886
2022-11-03 18:30:00,273.37,-0.8799999999999955,0.012485708730916182,0.3417241225639979,0.14579017336169878
2022-11-03 18:45:00,273.2632,-0.1068000000000211,0.31478806554029387,0.16472637715439,0.020485566618541878
2022-11-03 19:15:00,273.395,0.13179999999999836,0.4733778238296509,0.021881993860006332,0.004740220028907061
2022-11-03 19:30:00,272.44,-0.9549999999999841,0.011362507318456968,0.4412401219209035,0.04739738255739212
2022-11-03 20:00:00,272.375,-0.06499999999999773,0.2089587983985742,0.1718490505591035,0.11919215600937605
2022-11-03 20:15:00,271.68,-0.6949999999999932,0.3286418311763555,0.1259880664292723,0.0453700905200094
2022-11-03 20:30:00,271.085,-0.5950000000000273,0.0,0.0,0.0
2022-11-03 21:00:00,269.06,-2.0249999999999773,0.18265477099092836,0.3893319807544161,0.4280132621061057
2022-11-04 14:30:00,265.75,-3.3100000000000023,0.009940221905708313,0.2684049755334854,0.22165479511022568
2022-11-04 14:45:00,264.6799,-1.070100000000025,0.0,0.0,0.0
2022-11-04 15:00:00,266.22,1.5401000000000522,0.23120089655276388,0.21587839489802718,0.05292071774601936
2022-11-04 15:15:00,268.5799,2.359899999999982,0.12016572058200836,0.7589752376079559,0.1208590716123581
2022-11-04 15:30:00,268.27,-0.3099000000000274,0.0062576341442763805,0.2512097954750061,0.24253258109092712
2022-11-04 15:45:00,265.405,-2.865000000000009,0.22655794024467468,0.24655477702617645,0.02688729763031006
2022-11-04 16:00:00,264.7,-0.7049999999999841,0.14701366424560547,0.1474132277071476,0.205573124345392
2022-11-04 16:15:00,262.35,-2.349999999999966,0.21005698246881366,0.06297330372035503,0.22696970403194427
2022-11-04 16:30:00,261.24,-1.1100000000000136,0.023495180377115805,0.17698279644052187,0.2995220224062602
2022-11-04 16:45:00,260.065,-1.1750000000000114,0.18980957567691803,0.23743470509847006,0.07275570556521416
2022-11-04 17:00:00,260.2489,0.18389999999999418,0.29711121289680403,0.06595813296735287,0.13693065010011196
2022-11-04 17:15:00,261.0454,0.7964999999999804,0.3001563757037123,0.16742661346991858,0.03241700492799282
2022-11-04 17:30:00,259.1875,-1.8578999999999724,0.026260230224579573,0.2722487039864063,0.20149106346070766
2022-11-04 17:45:00,258.24,-0.9474999999999909,0.35042296175379306,0.1268182082567364,0.022758817998692393
2022-11-04 18:00:00,259.625,1.384999999999991,0.2996109213369588,0.03956488954524199,0.16082418927301964
2022-11-04 18:15:00,258.05,-1.5749999999999886,0.22522932291030884,0.2486611008644104,0.02610958367586136
2022-11-04 18:30:00,256.9899,-1.060100000000034,0.010770794004201889,0.32879096269607544,0.16043822467327118
2022-11-04 18:45:00,256.0,-0.9898999999999774,0.46991293132305145,0.015419550240039825,0.01466752216219902
2022-11-04 19:00:00,255.805,-0.19499999999999318,0.017598088830709457,0.06769963353872299,0.41470226645469666
2022-11-04 19:15:00,257.6,1.795000000000016,0.010431655682623386,0.47610145807266235,0.013466862961649895
2022-11-04 19:30:00,258.18,0.5799999999999841,0.7305820733308792,0.2154065491631627,0.05401133978739381
2022-11-04 19:45:00,259.07,0.8899999999999864,0.042322468012571335,0.04237813875079155,0.4152993857860565
2022-11-04 20:00:00,260.58,1.509999999999991,0.2668133173137903,0.04662365404268106,0.18656303298970064
2022-11-04 20:15:00,259.85,-0.7299999999999613,0.2178728450089693,0.030771443154662848,0.25135570019483566
2022-11-04 20:45:00,260.35,0.5,0.4011029601097107,0.06972856819629669,0.029168473556637764
2022-11-04 21:00:00,260.79,0.4399999999999977,0.20112675568497365,0.5746760771321187,0.2241971634208546
2022-11-07 14:30:00,256.68,-4.110000000000014,0.08024263381958008,0.4047170728445053,0.01504028681665659
2022-11-07 14:45:00,254.2,-2.480000000000018,0.010082584650566181,0.13379300634066263,0.3561243812243144
2022-11-07 15:00:00,253.0,-1.1999999999999886,0.022477599792182446,0.26787061244249344,0.20965176075696945
2022-11-07 15:15:00,252.72,-0.28000000000000114,0.4470720738172531,0.02431342378258705,0.02861451543867588
2022-11-07 15:30:00,252.6647,-0.05529999999998836,0.08371545188128948,0.32740643123785657,0.08887811998526256
2022-11-07 15:45:00,256.37,3.705299999999994,0.04564816799635688,0.34717801213264465,0.10717380419373512
2022-11-07 16:00:00,256.895,0.5249999999999773,0.07778977453708649,0.2562902271747589,0.16592000871896745
2022-11-07 16:15:00,257.25,0.3550000000000182,0.014557775110006332,0.892789214849472,0.09265300258994102
2022-11-07 16:30:00,257.06,-0.18999999999999773,0.041490890085697174,0.3550577759742737,0.10345132648944855
2022-11-07 16:45:00,255.51,-1.5500000000000114,0.769535096983115,0.21007414037982622,0.020390749908983707
2022-11-07 17:00:00,254.93,-0.5799999999999841,0.17335254636903605,0.19016682480772337,0.13648061640560627
2022-11-07 17:15:00,255.17,0.23999999999998067,0.25042919255793095,0.07477468997240067,0.17479611793532968
2022-11-07 17:30:00,254.545,-0.625,0.0,0.0,0.0
2022-11-07 17:45:00,254.19,-0.35499999999998977,0.009575989097356796,0.41116729378700256,0.07925672084093094
2022-11-07 18:00:00,255.61,1.420000000000016,0.26066080406308173,0.18541743271052838,0.0539217596873641
2022-11-07 18:15:00,255.65,0.03999999999999204,0.05458630248904228,0.32081252336502075,0.12460115551948547
2022-11-07 18:30:00,255.1299,-0.5201000000000136,0.0,0.0,0.0
2022-11-07 18:45:00,255.14,0.010099999999994225,0.3916855255762736,0.06144318729639053,0.04687127781411012
2022-11-07 19:00:00,256.15,1.009999999999991,0.2907775044441223,0.1904028207063675,0.018819637596607208
2022-11-07 19:15:00,258.14,1.990000000000009,0.30233899503946304,0.16511347269018492,0.03254753677174449
2022-11-07 19:30:00,257.965,-0.17500000000001137,0.0,0.0,0.0
2022-11-07 19:45:00,257.24,-0.7249999999999659,0.009062784258276224,0.45589107275009155,0.035046144388616085
2022-11-07 20:00:00,257.4626,0.2225999999999999,0.18449745886027813,0.21070992512007555,0.10479260732730229
2022-11-07 20:15:00,258.77,1.3073999999999728,0.47571563720703125,0.01443048007786274,0.009853907860815525
2022-11-07 20:30:00,258.92,0.1500000000000341,0.05438031069934368,0.41907641291618347,0.0265432670712471
2022-11-07 20:45:00,259.07,0.14999999999997726,0.05585682182572782,0.027561611495912075,0.41658155620098114
2022-11-07 21:00:00,258.6,-0.46999999999997044,0.2568316310976765,0.555930581209915,0.18723779815204797
2022-11-08 14:30:00,261.34,2.7399999999999523,0.2673572980177899,0.11248103467126687,0.12016168298820655
2022-11-08 14:45:00,261.7299,0.38990000000001146,0.2724416144192219,0.03479964751750231,0.19275873433798552
2022-11-08 15:00:00,257.565,-4.164899999999989,0.11716972663998604,0.8194339871406555,0.06339627876877785
2022-11-08 15:15:00,259.88,2.3149999999999977,0.29335929701725644,0.17938750175138315,0.027253186019758385
2022-11-08 15:30:00,262.06,2.180000000000007,0.25226224958896637,0.2399628022685647,0.5077749590855092
2022-11-08 15:45:00,261.66,-0.39999999999997726,0.12966372480150312,0.22684395965188742,0.14349229936487973
2022-11-08 16:00:00,262.14,0.47999999999996135,0.2832454014569521,0.16964199269811311,0.047112585976719856
2022-11-08 16:15:00,263.37,1.2300000000000182,0.20919940325741967,0.574305543055137,0.21649504251157245
2022-11-08 16:30:00,264.19,0.8199999999999932,0.008860058849677444,0.4385782480239868,0.05256170034408569
2022-11-08 16:45:00,263.935,-0.25499999999999545,0.4450787901878357,0.03900238499045372,0.015918854624032974
2022-11-08 17:00:00,264.02,0.08499999999997954,0.07561317924410105,0.16509520821273327,0.2592915818095207
2022-11-08 17:15:00,264.235,0.21500000000003183,0.00980858993716538,0.24195196852087975,0.2482394389808178
2022-11-08 17:30:00,265.2548,1.0197999999999752,0.21099479477852584,0.25340519230812786,0.03560001952573657
2022-11-08 17:45:00,264.5921,-0.6626999999999725,0.21297703435023627,0.17383013168970743,0.11319281781713168
2022-11-08 18:00:00,265.585,0.9928999999999633,0.2883307666828235,0.5880028034249941,0.1236664280295372
2022-11-08 18:15:00,263.27,-2.3149999999999977,0.23463001567870378,0.06920546293258667,0.19616450741887093
2022-11-08 18:30:00,262.7999,-0.4701000000000022,0.009946797043085098,0.011191324330866337,0.47886189818382263
2022-11-08 18:45:00,263.295,0.4951000000000363,0.15245987102389336,0.30377206206321716,0.04376805201172829
2022-11-08 19:00:00,262.145,-1.150000000000034,0.1940063266083598,0.2024888421098391,0.10350483221312363
2022-11-08 19:15:00,261.163,-0.9819999999999709,0.0,0.0,0.0
2022-11-08 19:30:00,261.72,0.5570000000000164,0.018802928738296032,0.47395272413268685,0.5072443410754204
2022-11-08 19:45:00,262.5,0.7799999999999727,0.4744148850440979,0.01999330334365368,0.0055917962454259396
2022-11-08 20:00:00,262.7,0.19999999999998863,0.2464169361628592,0.013214568141847849,0.2403684938326478
2022-11-08 20:15:00,263.8,1.1000000000000227,0.47700175642967224,0.018126487731933594,0.004871718119829893
2022-11-08 20:30:00,264.8134,1.01339999999999,0.047587085515260696,0.02521555870771408,0.4271973669528961
2022-11-08 20:45:00,264.572,-0.24139999999999873,0.2500755526125431,0.21909540239721537,0.030829037306830287
2022-11-08 21:00:00,263.46,-1.1120000000000232,0.3563490907450253,0.4060283281651037,0.2376225848900194
2022-11-09 14:30:00,259.015,-4.444999999999993,0.31658575249214965,0.17123635299503803,0.012177897617220879
2022-11-09 14:45:00,256.86,-2.1549999999999727,0.2202766388654709,0.2539762258529663,0.025747116655111313
2022-11-09 15:00:00,258.7899,1.929899999999975,0.37858633580617607,0.3602203484624624,0.26119331480003893
2022-11-09 15:15:00,259.41,0.6201000000000363,0.35762225463986397,0.08617275627329946,0.05620497674681246
2022-11-09 15:30:00,257.4,-2.0100000000000477,0.3582740272395313,0.5175027482522031,0.12422327122961481
2022-11-09 15:45:00,256.7983,-0.6016999999999939,0.1927516022697091,0.6702983845025301,0.13695005094632506
2022-11-09 16:00:00,256.14,-0.658299999999997,0.3782366360537708,0.07723000040277839,0.044533371401485056
2022-11-09 16:15:00,257.375,1.2350000000000136,0.16270512233798703,0.17790366895496845,0.1593912021877865
2022-11-09 16:30:00,257.19,-0.18500000000000227,0.00764127355068922,0.4527145028114319,0.039644211530685425
2022-11-09 16:45:00,257.46,0.2699999999999818,0.30028170347213745,0.13918069005012512,0.06053762510418892
2022-11-09 17:00:00,256.9082,-0.5517999999999574,0.37308838963508606,0.08051970601081848,0.0463918917812407
2022-11-09 17:15:00,256.9,-0.008200000000044838,0.1798187864013016,0.2027697518467903,0.11741145942360162
2022-11-09 17:30:00,257.5,0.6000000000000227,0.01441467460244894,0.4719729423522949,0.013612397946417332
2022-11-09 17:45:00,258.04,0.5400000000000205,0.0,0.0,0.0
2022-11-09 18:00:00,258.035,-0.0049999999999954525,0.3322216834872961,0.14820684269070625,0.01957146218046546
2022-11-09 18:15:00,258.19,0.15499999999997272,0.40322090685367584,0.07139694271609187,0.025382136227563024
2022-11-09 18:30:00,256.645,-1.545000000000016,0.05217428505420685,0.43348050117492676,0.014345204457640648
2022-11-09 18:45:00,256.43,-0.214999999999975,0.22218847554177046,0.20072187731663385,0.07708964279542367
2022-11-09 19:00:00,257.01,0.5799999999999841,0.12029921263456345,0.34137654304504395,0.0383242666721344
2022-11-09 19:15:00,257.005,-0.0049999999999954525,0.017017972345153492,0.40218498309453327,0.08079704580207665
2022-11-09 19:30:00,255.32,-1.6850000000000023,0.2430366682820022,0.10466554667800665,0.1522977976128459
2022-11-09 19:45:00,255.79,0.46999999999999886,0.01846758951433003,0.2101765377447009,0.27135588601231575
2022-11-09 20:00:00,256.9641,1.1740999999999815,0.28149670660495757,0.20344481728971003,0.015058476198464631
2022-11-09 20:15:00,256.14,-0.8240999999999872,0.19525666845341524,0.4927579431484143,0.31198538777728874
2022-11-09 20:30:00,255.78,-0.3599999999999852,0.008913842961192131,0.4470505714416504,0.044035591185092926
2022-11-09 20:45:00,254.57,-1.210000000000008,0.21620040386915207,0.26825088635087013,0.015548698604106903
2022-11-09 21:00:00,254.66,0.09000000000000341,0.20587962178276298,0.5243087932797457,0.26981159308473057
2022-11-10 14:30:00,263.28,8.619999999999976,0.18200346420053393,0.18463294976390898,0.13336358591914177
2022-11-10 14:45:00,266.79,3.5100000000000477,0.03042785986326635,0.21764897322282195,0.2519231643527746
2022-11-10 15:00:00,269.58,2.7899999999999636,0.1826027396135032,0.12608376573771238,0.19131349194794894
2022-11-10 15:15:00,267.54,-2.0399999999999636,0.3415321190841496,0.12993068667128682,0.028537176782265306
2022-11-10 15:30:00,265.2,-2.340000000000032,0.0,0.0,0.0
2022-11-10 15:45:00,268.175,2.9750000000000227,0.018053789467861254,0.41861172517140705,0.06333450352152188
2022-11-10 16:00:00,268.0,-0.17500000000001137,0.1376391127705574,0.15744571387767792,0.20491518173366785
2022-11-10 16:15:00,269.12,1.1200000000000045,0.007040268741548061,0.43490246931711835,0.0580572672188282
2022-11-10 16:30:00,270.09,0.9699999999999704,0.032791446428745985,0.3713947534561157,0.0958137959241867
2022-11-10 16:45:00,271.27,1.1800000000000068,0.4183013439178467,0.054733823984861374,0.026964803226292133
2022-11-10 17:00:00,270.8,-0.46999999999997044,0.30667954683303833,0.029809866100549698,0.16351060662418604
2022-11-10 17:15:00,269.89,-0.910000000000025,0.1391296627931297,0.11133633442223072,0.24953400827944278
2022-11-10 17:30:00,268.78,-1.1100000000000136,0.09861048706807196,0.19890627109756073,0.20248324734469256
2022-11-10 17:45:00,269.83,1.0500000000000114,0.3197290897369385,0.03512192703783512,0.14514899346977472
2022-11-10 18:00:00,269.9,0.06999999999999318,0.2822447419166565,0.09546599475045998,0.12228928568462531
2022-11-10 18:15:00,269.54,-0.3599999999999568,0.1459066946990788,0.29666502214968204,0.05742829106748104
2022-11-10 18:30:00,270.1,0.5600000000000023,0.15821820233638087,0.21043917008986077,0.1313426165531079
2022-11-10 18:45:00,271.3383,1.238299999999981,0.24407999962568283,0.19199103023856878,0.0639289878308773
2022-11-10 19:00:00,271.43,0.091700000000003,0.24816061393357813,0.5728336130268872,0.1790057758335024
2022-11-10 19:15:00,271.6588,0.22879999999997835,0.2656872084364295,0.059523773938417436,0.1747890140861273
2022-11-10 19:30:00,271.8507,0.19190000000003238,0.0,0.0,0.0
2022-11-10 19:45:00,272.55,0.6992999999999938,0.22591094044037163,0.09460719674825668,0.17948182485997677
2022-11-10 20:00:00,272.87,0.3199999999999932,0.21023805544245988,0.13715181313455105,0.15261013596318662
2022-11-10 20:15:00,273.3,0.4300000000000068,0.26956719035903615,0.15670226514339447,0.07373051873097818
2022-11-10 20:30:00,273.82,0.5199999999999818,0.31385019421577454,0.17062968015670776,0.015520116314291954
2022-11-10 20:45:00,274.79,0.9700000000000273,0.1553213745355606,0.2876001000404358,0.0570785254240036
2022-11-10 21:00:00,274.97,0.18000000000000682,0.21154665479611984,0.628906600224529,0.15954675052341993
2022-11-11 14:30:00,277.87,2.8999999999999773,0.1906646590679884,0.2178851529955864,0.0914501842111349
2022-11-11 14:45:00,278.19,0.3199999999999932,0.46601876616477966,0.026431500911712646,0.007549769710749388
2022-11-11 15:00:00,279.05,0.8600000000000136,0.18348315225115844,0.19678650716585772,0.11973034071602992
2022-11-11 15:15:00,281.9,2.849999999999966,0.0,0.0,0.0
2022-11-11 15:30:00,282.15,0.25,0.12411615019664168,0.32584077306091785,0.050043074414134026
2022-11-11 15:45:00,282.5,0.35000000000002274,0.4651205837726593,0.02669506147503853,0.008184392936527729
2022-11-11 16:00:00,283.06,0.5600000000000023,0.06998420087620616,0.3143121444930633,0.1157036501293381
2022-11-11 16:15:00,282.71,-0.35000000000002274,0.23915638634935021,0.12523906119167805,0.13560455478727818
2022-11-11 16:30:00,281.93,-0.7799999999999727,0.11454502027481794,0.06774242005000512,0.31771255284547806
2022-11-11 16:45:00,283.4442,1.5142000000000166,0.4419754445552826,0.05099582299590111,0.007028710562735796
2022-11-11 17:00:00,283.53,0.08579999999994925,0.27184027433395386,0.17865663766860962,0.04950307682156563
2022-11-11 17:15:00,285.3089,1.7789000000000215,0.27644250107308227,0.1639938047155738,0.05956369529788693
2022-11-11 17:30:00,285.36,0.05110000000001946,0.2766424771398306,0.09968470991589129,0.12367280258331448
2022-11-11 17:45:00,285.51,0.14999999999997726,0.0,0.0,0.0
2022-11-11 18:00:00,287.27,1.759999999999991,0.9237057566642761,0.044209602288901806,0.032084631733596325
2022-11-11 18:15:00,287.5,0.2300000000000182,0.11953669041395187,0.36071528991063434,0.01974801191439231
2022-11-11 18:30:00,287.19,-0.3100000000000023,0.29249686002731323,0.19130813889205456,0.01619500038214028
2022-11-11 18:45:00,287.8,0.6100000000000136,0.30579161643981934,0.17780187726020813,0.016406500712037086
2022-11-11 19:00:00,288.4,0.5999999999999659,0.31508729979395866,0.17024231422692537,0.01467040367424488
2022-11-11 19:15:00,288.905,0.5049999999999955,0.05957055580802262,0.25757670402526855,0.18285273015499115
2022-11-11 19:30:00,289.06,0.15500000000002956,0.021766042802482843,0.42383143305778503,0.05440252833068371
2022-11-11 19:45:00,288.7601,-0.2998999999999796,0.14988257192696133,0.1642402062813441,0.18587723622719446
2022-11-11 20:00:00,287.05,-1.7101000000000113,0.29427507674942416,0.1596889328211546,0.046035983910163246
2022-11-11 20:15:00,287.6848,0.6347999999999843,0.45244863629341125,0.036419861018657684,0.011131492909044027
2022-11-11 20:30:00,289.03,1.345199999999977,0.39703184366226196,0.09157822793349624,0.011389933060854673
2022-11-11 20:45:00,290.26,1.2300000000000182,0.08109632134437561,0.349289208650589,0.06961447466164827
2022-11-11 21:00:00,290.13,-0.12999999999999545,0.30312871007834524,0.5268585629398804,0.170012729439876
2022-11-14 14:30:00,294.62,4.490000000000009,0.18632596281046668,0.19105632292727628,0.6226176532606283
2022-11-14 14:45:00,295.65,1.0299999999999727,0.25334230065345764,0.09331873059272766,0.1533389687538147
2022-11-14 15:00:00,299.12,3.4700000000000273,0.44373342394828796,0.04150238633155823,0.014764251187443733
2022-11-14 15:15:00,297.9059,-1.2141000000000304,0.004869414959102869,0.3685854375362396,0.12654514610767365
2022-11-14 15:30:00,299.02,1.1141000000000076,0.3164758672937751,0.536999125033617,0.14652500418014824
2022-11-14 15:45:00,301.97,2.9500000000000455,0.015717966482043266,0.447773277759552,0.036508724093437195
2022-11-14 16:00:00,300.33,-1.6400000000000432,0.46382705867290497,0.028496596962213516,0.007676369044929743
2022-11-14 16:15:00,298.81,-1.5199999999999818,0.4352059066295624,0.034578245133161545,0.03021583892405033
2022-11-14 16:30:00,299.775,0.964999999999975,0.07036020344821736,0.7969929426908493,0.1326468549668789
2022-11-14 16:45:00,301.1,1.3250000000000455,0.3394439021746318,0.08298078613976638,0.07757531463479002
2022-11-14 17:00:00,302.86,1.759999999999991,0.43016618490219116,0.018350152298808098,0.0514836348593235
2022-11-14 17:15:00,302.16,-0.6999999999999886,0.12750955298542976,0.35262666642665863,0.019863803405314684
2022-11-14 17:30:00,303.92,1.759999999999991,0.04276677221059799,0.41314566135406494,0.044087570160627365
2022-11-14 17:45:00,303.82,-0.10000000000002274,0.03098825877532363,0.19618335831910372,0.2728283777832985
2022-11-14 18:00:00,302.9,-0.9200000000000159,0.19741943757981062,0.2182827888056636,0.08429776802659035
2022-11-14 18:15:00,305.295,2.3950000000000387,0.20761215314269066,0.23320291936397552,0.05918492712080479
2022-11-14 18:30:00,306.4465,1.1514999999999986,0.1210725010605529,0.18937362334690988,0.1895538887474686
2022-11-14 18:45:00,309.93,3.4834999999999923,0.17871908470988274,0.18642664762834707,0.13485427852720022
2022-11-14 19:00:00,309.105,-0.8249999999999886,0.371981680393219,0.12100780382752419,0.007010522997006774
2022-11-14 19:15:00,309.045,-0.060000000000002274,0.03290792042389512,0.4313279092311859,0.03576416242867708
2022-11-14 19:30:00,308.7499,-0.2950999999999908,0.047360671567730606,0.28063779696822166,0.17200152901932597
2022-11-14 19:45:00,307.5648,-1.185100000000034,0.016446281224489212,0.3786398470401764,0.10491390526294708
2022-11-14 20:00:00,306.6625,-0.9022999999999683,0.03166387835517526,0.22569525614380836,0.24264085851609707
2022-11-14 20:15:00,303.8948,-2.7677000000000476,0.3689809739589691,0.12205373402684927,0.008965319488197565
2022-11-14 20:30:00,302.76,-1.1347999999999843,0.3608285114169121,0.0688212551176548,0.07035025046207011
2022-11-14 20:45:00,300.48,-2.2799999999999727,0.0,0.0,0.0
2022-11-14 21:00:00,299.27,-1.2100000000000364,0.20708769212482173,0.4668907715549619,0.3260215490714431
2022-11-15 14:30:00,310.75,11.480000000000018,0.013184993527829647,0.43941158056259155,0.047403428703546524
2022-11-15 14:45:00,310.41,-0.339999999999975,0.25344838481396437,0.22675174986943603,0.019799856701865792
2022-11-15 15:00:00,310.14,-0.27000000000003865,0.25838992185890675,0.17400902789086103,0.06760104571003467
2022-11-15 15:15:00,311.0297,0.8897000000000048,0.14093972044065595,0.11632345453836024,0.24273682106286287
2022-11-15 15:30:00,309.7,-1.3297000000000025,0.02172825299203396,0.018732747063040733,0.459538996219635
2022-11-15 15:45:00,311.255,1.5550000000000068,0.3108811713755131,0.07630515191704035,0.11281367251649499
2022-11-15 16:00:00,310.35,-0.9049999999999727,0.19010396022349596,0.05491241626441479,0.2549836046528071
2022-11-15 16:15:00,309.8825,-0.46750000000002956,0.2810731406013171,0.10916491101185481,0.10976196049402158
2022-11-15 16:30:00,311.49,1.607500000000016,0.011685123667120934,0.15902023017406464,0.32929466664791107
2022-11-15 16:45:00,311.09,-0.4000000000000341,0.0,0.0,0.0
2022-11-15 17:00:00,310.615,-0.4749999999999659,0.605378066500028,0.31695048371329904,0.0776714226230979
2022-11-15 17:15:00,310.1476,-0.4673999999999978,0.09868301606426637,0.11592803336679935,0.2853889614343643
2022-11-15 17:30:00,311.2325,1.0849000000000046,0.11058325748890638,0.16585878413170577,0.22355795511975884
2022-11-15 18:00:00,310.955,-0.27750000000003183,0.1315737182740122,0.3271818086504936,0.04124445281922817
2022-11-15 18:15:00,306.365,-4.589999999999975,0.008573741652071476,0.4317200779914856,0.059706155210733414
2022-11-15 18:30:00,303.97,-2.394999999999982,0.22284460564454397,0.19103842973709106,0.08611695701256394
2022-11-15 18:45:00,306.355,2.384999999999991,0.21019094344228506,0.08716582879424095,0.20264323335140944
2022-11-15 19:00:00,306.32,-0.03500000000002501,0.34118311405181884,0.049512115120887754,0.1093047745525837
2022-11-15 19:15:00,309.82,3.5,0.15649518106753627,0.09039275286098321,0.2531120488420129
2022-11-15 19:30:00,309.64,-0.18000000000000682,0.1175413727760315,0.36007240414619446,0.022386247292160988
2022-11-15 19:45:00,308.8,-0.839999999999975,0.17906110640615225,0.5844407627979914,0.23649808702369532
2022-11-15 20:00:00,309.36,0.5600000000000023,0.18489623081404716,0.13842819724231958,0.17667557578533888
2022-11-15 20:15:00,310.57,1.2099999999999795,0.25633994850795716,0.0642935496289283,0.17936650686897337
2022-11-15 20:30:00,310.005,-0.5649999999999977,0.2490499111202856,0.18514761297653118,0.0658024634855489
2022-11-15 20:45:00,309.62,-0.3849999999999909,0.2168426422867924,0.20276678539812565,0.08039057930000126
2022-11-15 21:00:00,310.2,0.5799999999999841,0.42654704796684206,0.3196550250812701,0.25379792541846824
2022-11-16 14:30:00,307.66,-2.5399999999999636,0.1867198950300614,0.1918342091764013,0.6214458911369244
2022-11-16 14:45:00,306.17,-1.490000000000009,0.32399753543237847,0.1401659781113267,0.03583647279689709
2022-11-16 15:00:00,306.535,0.3650000000000091,0.22365244664251804,0.13093432411551476,0.1454132003709674
2022-11-16 15:15:00,306.623,0.08799999999996544,0.20872991662472487,0.23175271414220333,0.05951736159622669
2022-11-16 15:30:00,307.03,0.40699999999998226,0.1253481026738882,0.11232435572892427,0.26232753321528435
2022-11-16 15:45:00,304.9,-2.1299999999999955,0.333240537554957,0.13706522015854716,0.02969424263574183
2022-11-16 16:00:00,305.13,0.2300000000000182,0.18183017832537493,0.1526545469338695,0.16551526992892227
2022-11-16 16:15:00,305.62,0.4900000000000091,0.005519013851881027,0.1303095817565918,0.36417141556739807
2022-11-16 16:30:00,305.53,-0.09000000000003183,0.482278972864151,0.012224902398884296,0.005496144760400057
2022-11-16 16:45:00,304.075,-1.454999999999984,0.0,0.0,0.0
2022-11-16 17:00:00,305.04,0.9650000000000318,0.009561081882566214,0.38309332728385925,0.10734559968113899
2022-11-16 17:15:00,305.33,0.2899999999999636,0.29260342568159103,0.019607803784310818,0.18778873980045319
2022-11-16 17:30:00,306.84,1.509999999999991,0.07735640555620193,0.05692168325185776,0.3657219111919403
2022-11-16 17:45:00,308.585,1.7450000000000045,0.08461462939158082,0.3799145668745041,0.035470809787511826
2022-11-16 18:00:00,308.71,0.125,0.1612636543189486,0.20743023976683617,0.13130611150215069
2022-11-16 18:15:00,310.12,1.410000000000025,0.4442630112171173,0.04071502014994621,0.015021972358226776
2022-11-16 18:30:00,308.36,-1.759999999999991,0.011402675416320562,0.2510188966989517,0.23757843300700188
2022-11-16 18:45:00,307.588,-0.7719999999999914,0.0,0.0,0.0
2022-11-16 19:00:00,305.9201,-1.6679000000000315,0.023694638861343265,0.5993797434493899,0.3769255867227912
2022-11-16 19:15:00,306.35,0.4299000000000319,0.39888888597488403,0.07311736792325974,0.02799370512366295
2022-11-16 19:30:00,306.7784,0.4283999999999537,0.11200649803504348,0.13440681714564562,0.25358670367859304
2022-11-16 19:45:00,307.02,0.24160000000000537,0.0,0.0,0.0
2022-11-16 20:00:00,306.0933,-0.9266999999999825,0.009167238837108016,0.22380079049617052,0.2670319862663746
2022-11-16 20:15:00,304.496,-1.5973000000000184,0.22856234926730395,0.2178810393437743,0.05355659620836377
2022-11-16 20:30:00,304.38,-0.11599999999998545,0.0,0.0,0.0
2022-11-16 20:45:00,306.43,2.0500000000000114,0.1228084188575546,0.07130113927026589,0.3058904359738032
2022-11-16 21:00:00,306.02,-0.410000000000025,0.42960275824413086,0.45610672464167146,0.11429053110776434
2022-11-17 14:30:00,294.44,-11.579999999999984,0.0,0.0,0.0
2022-11-17 14:45:00,292.24,-2.1999999999999886,0.008601053059101105,0.3816098481416702,0.10978909805417061
2022-11-17 15:00:00,291.87,-0.37000000000000455,0.42964566747347516,0.025542872957885265,0.044811461586505175
2022-11-17 15:15:00,293.48,1.6100000000000136,0.23674464225769043,0.2318412959575653,0.03141406923532486
2022-11-17 15:30:00,292.735,-0.7450000000000045,0.2692512571811676,0.05931674440701803,0.17143196612596512
2022-11-17 15:45:00,293.99,1.2549999999999955,0.19490030147135257,0.2146358981728554,0.09046380296349525
2022-11-17 16:00:00,293.89,-0.10000000000002274,0.08535094729935129,0.2367115616798401,0.17793749272823334
2022-11-17 16:15:00,295.05,1.160000000000025,0.2106307102367282,0.05813808552920818,0.23123119166120887
2022-11-17 16:30:00,295.815,0.7649999999999864,0.022523890249431133,0.11546622961759567,0.8620098531246185
2022-11-17 16:45:00,294.475,-1.339999999999975,0.27487276106451947,0.16866194705168405,0.05646528940026959
2022-11-17 17:15:00,296.62,2.144999999999982,0.2457627565599978,0.2234876872971654,0.030749527970328927
2022-11-17 17:30:00,297.68,1.0600000000000023,0.3330196961760521,0.14860905520617962,0.01837125699967146
2022-11-17 17:45:00,298.25,0.5699999999999932,0.017332414397969842,0.4197688698768616,0.0628987168893218
2022-11-17 18:00:00,298.88,0.6299999999999955,0.15132773853838444,0.7315677724778652,0.11710449736565351
2022-11-17 18:15:00,298.61,-0.2699999999999818,0.011295562610030174,0.19214145839214325,0.2965629994869232
2022-11-17 18:30:00,298.99,0.37999999999999545,0.03889881446957588,0.25927719473838806,0.20182399451732635
2022-11-17 18:45:00,297.735,-1.2549999999999955,0.012222616467624903,0.26528941839933395,0.22248796746134758
2022-11-17 19:00:00,297.3214,-0.41360000000003083,0.18182680010795593,0.18306876439601183,0.135104446982344
2022-11-17 19:15:00,296.37,-0.9513999999999783,0.11819990177173167,0.14138303929939866,0.2404170746449381
2022-11-17 19:30:00,296.42,0.05000000000001137,0.010218157432973385,0.4045385718345642,0.08524329215288162
2022-11-17 19:45:00,296.145,-0.2750000000000341,0.26826175302267075,0.1436993209645152,0.08803893718868494
2022-11-17 20:00:00,294.5499,-1.5951000000000022,0.01526822429150343,0.3094828501343727,0.1752489171922207
2022-11-17 20:15:00,293.8,-0.7498999999999683,0.2399091785773635,0.13168664555996656,0.12840419658459723
2022-11-17 20:30:00,294.13,0.3299999999999841,0.24204779602587223,0.241032256744802,0.01691994071006775
2022-11-17 20:45:00,294.77,0.6399999999999864,0.011737295892089605,0.2988574877381325,0.18940519727766514
2022-11-17 21:00:00,295.28,0.5099999999999909,0.3237605105787821,0.5049272830193465,0.17131219547600715
2022-11-18 14:30:00,295.16,-0.1199999999999477,0.03404404129832983,0.7160514369606972,0.2499045506119728
2022-11-18 14:45:00,293.3392,-1.8208000000000197,0.32673334423452616,0.6100615652588507,0.06320511611799398
2022-11-18 15:00:00,291.365,-1.9741999999999962,0.48525190353393555,0.009569790214300156,0.0051783098218341666
2022-11-18 15:15:00,292.375,1.009999999999991,0.2918874003613989,0.08552680164575577,0.12258582003414631
2022-11-18 15:30:00,291.21,-1.1650000000000205,0.13198627345263958,0.14367476932238787,0.2243389484938234
2022-11-18 15:45:00,290.42,-0.7899999999999636,0.14920701800535122,0.05225106452902158,0.29854191342989606
2022-11-18 16:00:00,288.9,-1.5200000000000387,0.44951310753822327,0.03868116810917854,0.011805707588791847
2022-11-18 16:15:00,290.39,1.490000000000009,0.374430526397191,0.08278394443914294,0.04278552128622929
2022-11-18 16:30:00,289.83,-0.5600000000000023,0.1247136399615556,0.2611211193725467,0.11416524439118803
2022-11-18 16:45:00,289.99,0.160000000000025,0.45140257477760315,0.026318421587347984,0.022278975695371628
2022-11-18 17:00:00,289.42,-0.5699999999999932,0.4565363973379135,0.026607127860188484,0.01685646502301097
2022-11-18 17:15:00,288.4399,-0.9800999999999931,0.03038279339671135,0.39812830090522766,0.07148892432451248
2022-11-18 17:30:00,289.63,1.1900999999999726,0.47657667100429535,0.01769485231488943,0.005728476447984576
2022-11-18 17:45:00,288.4925,-1.1374999999999886,0.36368395388126373,0.11551069654524326,0.020805354230105877
2022-11-18 18:00:00,288.2,-0.2925000000000182,0.328663500957191,0.15450608570660865,0.016830417327582836
2022-11-18 18:15:00,288.525,0.32499999999998863,0.007060738746076822,0.05854661390185356,0.43439263105392456
2022-11-18 18:30:00,288.73,0.20500000000004093,0.12520720809698105,0.20077252388000488,0.17402025684714317
2022-11-18 18:45:00,287.65,-1.080000000000041,0.11660929769277573,0.19658617675304413,0.18680453300476074
2022-11-18 19:00:00,288.47,0.82000000000005,0.2882423624396324,0.20122435968369246,0.010533304652199149
2022-11-18 19:15:00,287.68,-0.7900000000000205,0.11197264244159062,0.24858134984970093,0.13944600957135359
2022-11-18 19:30:00,287.535,-0.1449999999999818,0.034974321722984314,0.3303592801094055,0.13466641306877136
2022-11-18 19:45:00,287.997,0.4619999999999891,0.025555585511028767,0.4218035638332367,0.05264084227383137
2022-11-18 20:00:00,289.07,1.072999999999979,0.014238155446946621,0.4632190018892288,0.022542853839695454
2022-11-18 20:15:00,288.07,-1.0,0.07273457928871115,0.29554397861162823,0.1317214456697305
2022-11-18 20:30:00,288.62,0.5500000000000114,0.4591560363769531,0.032191116362810135,0.008652853779494762
2022-11-18 20:45:00,287.79,-0.8299999999999841,0.26350909285247326,0.03240302577614784,0.20408789347857237
2022-11-18 21:00:00,287.98,0.18999999999999773,0.2669064829779717,0.5378469204304752,0.19524660097802274
2022-11-21 14:30:00,287.86,-0.12000000000000455,0.2811200464144349,0.1910315957851708,0.027848375029861927
2022-11-21 14:45:00,290.51,2.6499999999999773,0.2378089800477028,0.24434499349445105,0.017846016911789775
2022-11-21 15:00:00,286.26,-4.25,0.24113837908953428,0.02938274387270212,0.2294788844883442
2022-11-21 15:15:00,285.4081,-0.8519000000000005,0.15113909635692835,0.038699012249708176,0.3101618991543849
2022-11-21 15:30:00,284.46,-0.9481000000000108,0.3299994319677353,0.14188707868258157,0.028113495868941147
2022-11-21 15:45:00,283.065,-1.3949999999999818,0.16800498368684202,0.09274076856672764,0.239254267886281
2022-11-21 16:00:00,284.105,1.0400000000000205,0.04065174609422684,0.2555133445809285,0.2038349055995544
2022-11-21 16:15:00,285.24,1.134999999999991,0.0,0.0,0.0
2022-11-21 16:30:00,285.83,0.589999999999975,0.0,0.0,0.0
2022-11-21 16:45:00,286.17,0.34000000000003183,0.024578206862012546,0.31481106330951053,0.1606107217570146
2022-11-21 17:00:00,284.55,-1.6200000000000045,0.0,0.0,0.0
2022-11-21 17:15:00,284.04,-0.5099999999999909,0.467949777841568,0.024687590077519417,0.007362645119428635
2022-11-21 17:30:00,284.1066,0.066599999999994,0.2335640788078308,0.05689530447125435,0.20954063534736633
2022-11-21 17:45:00,283.8101,-0.2965000000000373,0.0626562312245369,0.3869837522506714,0.05036004260182381
2022-11-21 18:00:00,283.51,-0.30009999999998627,0.19644312537275255,0.2680129399523139,0.035543943755328655
2022-11-21 18:15:00,283.4841,-0.025899999999978718,0.25305789584914845,0.23613861203193665,0.010803500190377235
2022-11-21 18:30:00,285.0,1.5158999999999878,0.3001139163970947,0.19159945845603943,0.008286621421575546
2022-11-21 18:45:00,285.49,0.4900000000000091,0.01346793957054615,0.40160369873046875,0.08492838591337204
2022-11-21 19:00:00,285.2,-0.29000000000002046,0.0059651462361216545,0.3469333350658417,0.1471015363931656
2022-11-21 19:15:00,284.579,-0.6209999999999809,0.2525941142812371,0.2376013519242406,0.009804523317143321
2022-11-21 19:30:00,284.2015,-0.3774999999999977,0.11995507497340441,0.22735951840877533,0.15268540382385254
2022-11-21 19:45:00,286.2301,2.028599999999983,0.17664875835180283,0.26742538064718246,0.05592585913836956
2022-11-21 20:00:00,285.38,-0.8500999999999976,0.03941351454705,0.26676275208592415,0.19382373367746672
2022-11-21 20:15:00,284.285,-1.0949999999999704,0.6244823336601257,0.28572160471230745,0.08979604703684647
2022-11-21 20:30:00,284.42,0.1349999999999909,0.12890143940846124,0.22293311854203543,0.1481654616072774
2022-11-21 20:45:00,285.73,1.3100000000000023,0.1177193137506644,0.08229546311000983,0.29998521755139035
2022-11-21 21:00:00,285.05,-0.6800000000000068,0.20637351530810108,0.6641399858568886,0.1294865067636149
2022-11-22 14:30:00,280.8168,-4.233200000000011,0.03260613977909088,0.45422080159187317,0.013173076324164867
2022-11-22 14:45:00,279.4,-1.4168000000000234,0.3784923255443573,0.015177945606410503,0.10632971348240972
2022-11-22 15:00:00,281.2244,1.8244000000000256,0.0,0.0,0.0
2022-11-22 15:15:00,281.85,0.6256000000000199,0.02747470699250698,0.4328113794326782,0.03971390053629875
2022-11-22 15:30:00,280.7,-1.150000000000034,0.010576721280813217,0.20398099720478058,0.2854422926902771
2022-11-22 15:45:00,282.76,2.0600000000000023,0.01634950377047062,0.01610388420522213,0.46754661202430725
2022-11-22 16:00:00,282.88,0.12000000000000455,0.019584793597459793,0.01917214412242174,0.46124306321144104
2022-11-22 16:15:00,283.29,0.410000000000025,0.09979751333594322,0.8163936398923397,0.08380884723737836
2022-11-22 16:30:00,281.68,-1.6100000000000136,0.022981314454227686,0.4254017472267151,0.051616933196783066
2022-11-22 16:45:00,281.73,0.05000000000001137,0.0072548300959169865,0.4615613520145416,0.031183801591396332
2022-11-22 17:00:00,282.8603,1.130299999999977,0.02451089513488114,0.44118818640708923,0.0343009177595377
2022-11-22 17:15:00,282.64,-0.22030000000000882,0.011534788645803928,0.45465654134750366,0.033808644860982895
2022-11-22 17:30:00,284.0,1.3600000000000136,0.0,0.0,0.0
2022-11-22 17:45:00,283.51,-0.4900000000000091,0.12544288411736487,0.34557206779718397,0.02898504547774792
2022-11-22 18:00:00,284.74,1.2300000000000182,0.007097735069692135,0.4510975778102875,0.041804686188697815
2022-11-22 18:15:00,284.18,-0.5600000000000023,0.022252158960327506,0.13294533640146255,0.34480249881744385
2022-11-22 18:30:00,284.7,0.5199999999999818,0.004320201463997364,0.06855922937393188,0.427120566368103
2022-11-22 18:45:00,285.0,0.30000000000001137,0.2822459191083908,0.20572089403867722,0.01203318452462554
2022-11-22 19:00:00,283.7337,-1.266300000000001,0.02831180968011419,0.14294600176314512,0.3287421589096387
2022-11-22 19:15:00,283.82,0.08629999999999427,0.21427547931671143,0.2554057836532593,0.03031875006854534
2022-11-22 19:30:00,284.55,0.7300000000000182,0.12369263707660139,0.2512577762827277,0.1250495878048241
2022-11-22 19:45:00,284.9548,0.4047999999999661,0.019905807450413704,0.4649583697319031,0.015135811641812325
2022-11-22 20:00:00,285.3628,0.40800000000001546,0.2529492024332285,0.09659538744017482,0.15045541594736278
2022-11-22 20:15:00,285.8,0.43720000000001846,0.4621867537498474,0.02773931622505188,0.010073904879391193
2022-11-22 20:30:00,286.21,0.40999999999996817,0.08084768243134022,0.35513244569301605,0.06401985138654709
2022-11-22 20:45:00,286.84,0.6299999999999955,0.16584624606184661,0.487978782504797,0.3461749367415905
2022-11-22 21:00:00,286.69,-0.14999999999997726,0.23901948297177167,0.4916061181392447,0.26937439903279076
2022-11-23 14:30:00,284.5099,-2.1800999999999817,0.09377704560756683,0.36560535430908203,0.04061758890748024
2022-11-23 14:45:00,285.69,1.1800999999999817,0.17538322263862938,0.20356649905443192,0.12105028214864433
2022-11-23 15:00:00,284.78,-0.910000000000025,0.445541188120842,0.019471539184451103,0.034987280843779445
2022-11-23 15:15:00,285.88,1.1000000000000227,0.22016762546263635,0.23365918546915054,0.046173185808584094
2022-11-23 15:30:00,287.36,1.4800000000000182,0.26033900678157806,0.1451896890066564,0.09447129839099944
2022-11-23 15:45:00,286.77,-0.5900000000000318,0.24012850550934672,0.048739040503278375,0.21113247657194734
2022-11-23 16:00:00,289.42,2.650000000000034,0.10455421470105648,0.12544492557644843,0.2700008640065789
2022-11-23 16:15:00,288.6,-0.8199999999999932,0.413414395103852,0.5499590365216136,0.03662660174692671
2022-11-23 16:30:00,288.45,-0.1500000000000341,0.20788316428661346,0.7555426061153412,0.03657423332333565
2022-11-23 16:45:00,286.9715,-1.4784999999999968,0.36423151404596865,0.5239464417099953,0.11182199791073799
2022-11-23 17:00:00,287.04,0.06850000000002865,0.14892777428030968,0.23124224444230398,0.11982998810708523
2022-11-23 17:15:00,288.01,0.9699999999999704,0.21126171946525574,0.20255590975284576,0.08618234843015671
2022-11-23 17:30:00,287.86,-0.14999999999997726,0.23775691849490008,0.21421878412365913,0.048024291483064495
2022-11-23 17:45:00,287.02,-0.8400000000000318,0.18443963707735142,0.11659301196535428,0.19896733512481055
2022-11-23 18:00:00,286.57,-0.44999999999998863,0.04037894013648232,0.31350302199522656,0.14611803274601698
2022-11-23 18:15:00,287.31,0.7400000000000091,0.21610115841031075,0.20729535445570946,0.0766034834086895
2022-11-23 18:30:00,288.16,0.8500000000000227,0.0,0.0,0.0
2022-11-23 18:45:00,288.35,0.18999999999999773,0.0,0.0,0.0
2022-11-23 19:00:00,289.705,1.3549999999999613,0.31798452138900757,0.10891907848417759,0.07309641502797604
2022-11-23 19:15:00,290.3,0.5950000000000273,0.09556098779042561,0.21224947770436606,0.19218954940636954
2022-11-23 19:30:00,290.025,-0.2750000000000341,0.10309606976807117,0.05874483101069927,0.33815909922122955
2022-11-23 19:45:00,291.23,1.205000000000041,0.33142850548028946,0.04625588282942772,0.12231562193483114
2022-11-23 20:00:00,291.1,-0.12999999999999545,0.24758627079427242,0.031082214787602425,0.22133148927241564
2022-11-23 20:15:00,291.68,0.5799999999999841,0.482719749212265,0.011024896055459976,0.006255403161048889
2022-11-23 20:30:00,292.24,0.5600000000000023,0.479318231344223,0.014698593877255917,0.005983184091746807
2022-11-23 20:45:00,291.9,-0.34000000000003183,0.0,0.0,0.0
2022-11-23 21:00:00,291.5,-0.39999999999997726,0.3035572233892216,0.4487254170894348,0.2477173631448436
2022-11-25 14:30:00,288.63,-2.8700000000000045,0.0,0.0,0.0
2022-11-25 14:45:00,287.36,-1.2699999999999818,0.24499954748898745,0.23851302079856396,0.016487427055835724
2022-11-25 15:00:00,287.4001,0.04009999999999536,0.017429426312446594,0.019384341003994148,0.46318623423576355
2022-11-25 15:15:00,286.905,-0.4951000000000363,0.13726704195141792,0.13472136156633496,0.22801160719245672
2022-11-25 16:00:00,286.0801,-0.8248999999999569,0.24289715860504657,0.07689391123130918,0.18020895088557154
2022-11-25 16:45:00,284.86,-1.2201000000000022,0.11678507446777076,0.24086641147732735,0.14234851393848658
2022-11-25 17:15:00,284.39,-0.4700000000000273,0.15660043130628765,0.19621199648827314,0.14718756452202797
2022-11-25 18:00:00,285.54,1.150000000000034,0.20783583568304048,0.5611855475147975,0.2309786221817752
2022-11-28 14:30:00,288.38,2.839999999999975,0.0,0.0,0.0
2022-11-28 14:45:00,287.91,-0.46999999999997044,0.2409175280481577,0.159244142472744,0.09983832875473632
2022-11-28 15:00:00,287.155,-0.7550000000000523,0.06661068461835384,0.25588203966617584,0.17750729620456696
2022-11-28 15:15:00,284.94,-2.214999999999975,0.1020827516913414,0.16228900849819183,0.23562823235988617
2022-11-28 15:30:00,284.04,-0.8999999999999773,0.3301124729216099,0.5745111603289843,0.09537637243047356
2022-11-28 15:45:00,283.45,-0.5900000000000318,0.24122530221939087,0.11455262079834938,0.14422208443284035
2022-11-28 16:00:00,284.23,0.7800000000000296,0.06034738942980766,0.38551878929138184,0.0541338250041008
2022-11-28 16:15:00,284.44,0.20999999999997954,0.3343087285757065,0.028042436577379704,0.13764881854876876
2022-11-28 16:30:00,283.8,-0.6399999999999864,0.03220941498875618,0.047827593982219696,0.419963002204895
2022-11-28 16:45:00,284.09,0.2899999999999636,0.0,0.0,0.0
2022-11-28 17:00:00,283.619,-0.4709999999999468,0.08793161995708942,0.14361675269901752,0.26845163479447365
2022-11-28 17:15:00,283.86,0.24099999999998545,0.15961744682863355,0.6927739856764674,0.14760856027714908
2022-11-28 17:30:00,284.75,0.8899999999999864,0.3539559841156006,0.13720941543579102,0.008834593929350376
2022-11-28 17:45:00,283.65,-1.1000000000000227,0.04277633192638556,0.18183986159662405,0.2753837953011195
2022-11-28 18:00:00,283.395,-0.25499999999999545,0.0,0.0,0.0
2022-11-28 18:15:00,283.62,0.22500000000002274,0.027126658707857132,0.07005568593740463,0.40281763672828674
2022-11-28 18:30:00,283.185,-0.4350000000000023,0.0,0.0,0.0
2022-11-28 18:45:00,283.19,0.0049999999999954525,0.12128028894464175,0.11574496080478032,0.2629747564593951
2022-11-28 19:00:00,282.15,-1.0400000000000205,0.23917405144311488,0.22672465071082115,0.03410132136195898
2022-11-28 19:15:00,281.225,-0.9249999999999545,0.0,0.0,0.0
2022-11-28 19:30:00,281.82,0.5949999999999704,0.0,0.0,0.0
2022-11-28 19:45:00,282.06,0.2400000000000091,0.0,0.0,0.0
2022-11-28 20:00:00,281.745,-0.3149999999999977,0.10238197011252244,0.2753375271956126,0.12228049834569295
2022-11-28 20:15:00,281.255,-0.4900000000000091,0.35529303550720215,0.06842642929404974,0.07628054171800613
2022-11-28 20:30:00,280.94,-0.3149999999999977,0.32562608271837234,0.12403798010200262,0.05033592786639929
2022-11-28 20:45:00,280.895,-0.045000000000015916,0.003964352887123823,0.05785630643367767,0.4381793141365051
2022-11-28 21:00:00,281.17,0.2750000000000341,0.21265185720657984,0.3857351464933707,0.4016130043519209
2022-11-29 14:30:00,280.13,-1.0400000000000205,0.2134734063098828,0.2146348903576533,0.07189172320067883
2022-11-29 14:45:00,279.38,-0.75,0.0,0.0,0.0
2022-11-29 15:00:00,279.96,0.5799999999999841,0.0,0.0,0.0
2022-11-29 15:15:00,280.78,0.8199999999999932,0.07110934937372804,0.1788837860027949,0.2500068470835686
2022-11-29 15:30:00,280.16,-0.6199999999999477,0.013714137487113476,0.38557371497154236,0.10071214288473129
2022-11-29 15:45:00,280.1739,0.013899999999978263,0.1759207844734192,0.22198762372136116,0.10209157131612301
2022-11-29 16:00:00,277.575,-2.5989000000000146,0.3361767778793971,0.14070505586763224,0.02311815818150838
2022-11-29 16:15:00,276.2965,-1.2785000000000082,0.0,0.0,0.0
2022-11-29 16:30:00,277.76,1.4635000000000105,0.12285667347411315,0.2518204649289449,0.12532287711898485
2022-11-29 16:45:00,278.115,0.3550000000000182,0.219689150651296,0.1481725201010704,0.13213835035761198
2022-11-29 17:15:00,278.45,0.33499999999997954,0.2717303844789664,0.21020490334679684,0.01806470224012931
2022-11-29 17:30:00,280.51,2.0600000000000023,0.16534971445798874,0.28256621956825256,0.052084075286984444
2022-11-29 17:45:00,281.23,0.7200000000000273,0.18378793122246861,0.15435924815634885,0.16185284002373615
2022-11-29 18:00:00,280.59,-0.6400000000000432,0.3445677359898885,0.06883831477413575,0.08659395001207788
2022-11-29 18:15:00,279.965,-0.625,0.0,0.0,0.0
2022-11-29 18:30:00,279.89,-0.07499999999998863,0.009133958257734776,0.016490105539560318,0.4743759334087372
2022-11-29 18:45:00,280.54,0.6500000000000341,0.0,0.0,0.0
2022-11-29 19:00:00,280.5282,-0.011799999999993815,0.1973962866080304,0.27001554767290753,0.032588181241105
2022-11-29 19:15:00,279.6399,-0.8883000000000152,0.2264563124626875,0.23054977785795927,0.042993903160095215
2022-11-29 19:30:00,279.63,-0.009900000000016007,0.0,0.0,0.0
2022-11-29 19:45:00,279.3,-0.3299999999999841,0.02377964494129022,0.29474276180068654,0.18147757401069006
2022-11-29 20:00:00,279.625,0.32499999999998863,0.36286231875419617,0.12230478785932064,0.014832922878364721
2022-11-29 20:15:00,279.76,0.1349999999999909,0.08729430288076401,0.07849321514368057,0.3342124819755554
2022-11-29 20:30:00,280.65,0.8899999999999864,0.442444309592247,0.03179234452545643,0.0257633572909981
2022-11-29 20:45:00,280.305,-0.34499999999997044,0.010905173374339938,0.27526211738586426,0.2138327220454812
2022-11-29 21:00:00,280.96,0.6549999999999727,0.3974740879200399,0.4408498475290835,0.1616760867703706
2022-11-30 14:30:00,283.3,2.340000000000032,0.23847879469394684,0.0492297001183033,0.21229152381420135
2022-11-30 14:45:00,281.385,-1.9150000000000205,0.354782797396183,0.01648129802197218,0.1287359045818448
2022-11-30 15:00:00,284.055,2.670000000000016,0.6514328867197037,0.17616949261476597,0.17239758543049294
2022-11-30 15:15:00,284.58,0.5249999999999773,0.10620119692757726,0.25348562877625225,0.140313174482435
2022-11-30 15:30:00,284.45,-0.12999999999999545,0.06324362739299734,0.34420447051525116,0.0925518839309613
2022-11-30 15:45:00,284.91,0.4600000000000364,0.2533529195934534,0.22522097267210484,0.021426100749522448
2022-11-30 16:00:00,285.86,0.9499999999999886,0.17182114999741316,0.020155868182579677,0.30802297747383517
2022-11-30 16:15:00,287.26,1.3999999999999773,0.2577067706733942,0.18437481904402375,0.05791842844337225
2022-11-30 16:30:00,289.285,2.025000000000034,0.3069244548678398,0.1302170013077557,0.06285857409238815
2022-11-30 16:45:00,290.9472,1.6621999999999844,0.1426048951689154,0.7986478880047798,0.05874720588326454
2022-11-30 17:00:00,290.01,-0.9372000000000185,0.008890253491699696,0.4747624397277832,0.01634729653596878
2022-11-30 17:15:00,288.815,-1.1949999999999932,0.4819623529911041,0.013778092339634895,0.00425955792888999
2022-11-30 17:30:00,288.755,-0.060000000000002274,0.1748794997110963,0.21628252789378166,0.10883796960115433
2022-11-30 17:45:00,290.0828,1.3278000000000247,0.21170044504106045,0.08667165786027908,0.201627884991467
2022-11-30 18:00:00,290.14,0.05719999999996617,0.2054408877156675,0.23765446245670319,0.05690461350604892
2022-11-30 18:15:00,290.64,0.5,0.1801304668188095,0.11945810168981552,0.20041143894195557
2022-11-30 18:30:00,294.3265,3.6865000000000236,0.1770589624842008,0.09627282371123631,0.2266682187716166
2022-11-30 18:45:00,295.05,0.7235000000000014,0.29435443722953397,0.15900816240658364,0.04663737669276694
2022-11-30 19:00:00,299.625,4.574999999999989,0.17260452010668814,0.23108116909861565,0.09631430101580918
2022-11-30 19:15:00,304.4,4.774999999999977,0.1400090892178317,0.12177731655538082,0.23821357948084673
2022-11-30 19:30:00,304.14,-0.2599999999999909,0.4552447199821472,0.03281901776790619,0.011936250142753124
2022-11-30 19:45:00,305.24,1.1000000000000227,0.06838393001817167,0.20221194252371788,0.22940411884337664
2022-11-30 20:00:00,305.88,0.6399999999999864,0.2131217923015356,0.17750614136457443,0.10937207341194152
2022-11-30 20:15:00,305.98,0.10000000000002274,0.5928028252286216,0.2597015711168448,0.1474956078454852
2022-11-30 21:00:00,305.53,-0.4500000000000455,0.2008896037202681,0.5576861513489224,0.24142424707545093
2022-12-01 14:30:00,312.2879,6.7579000000000065,0.04744431050494313,0.2642197236418724,0.18833598401397467
2022-12-01 14:45:00,314.9001,2.61220000000003,0.17441691206768156,0.1545981429517269,0.17098496593534945
2022-12-01 15:00:00,318.71,3.8098999999999705,0.26626204922795293,0.11739627905189991,0.1163416643626988
2022-12-01 15:15:00,313.3,-5.409999999999968,0.14504314644727856,0.12868382036685944,0.2262730363290757
2022-12-01 15:30:00,316.45,3.1499999999999773,0.25468265265226364,0.21996759064495564,0.025349784176796675
2022-12-01 15:45:00,317.78,1.329999999999984,0.0,0.0,0.0
2022-12-01 16:00:00,317.03,-0.75,0.2537099009690185,0.1238473099656403,0.12244278603854279
2022-12-01 16:15:00,315.0724,-1.9575999999999567,0.15205429214984179,0.04171857237815857,0.3062271388868491
2022-12-01 16:30:00,315.93,0.8575999999999908,0.04306888207793236,0.09095481224358082,0.8659762740135193
2022-12-01 16:45:00,316.775,0.8449999999999704,0.47292939480394125,0.2983928881585598,0.22867770120501518
2022-12-01 17:00:00,315.0672,-1.7077999999999633,0.1377431731671095,0.10714814346283674,0.7551086992025375
2022-12-01 17:15:00,315.3,0.23279999999999745,0.15236932567010322,0.05007630928109089,0.2975543575982253
2022-12-01 17:30:00,316.59,1.2899999999999636,0.19144130622347197,0.1399894319474697,0.1685692590350906
2022-12-01 17:45:00,316.6936,0.10360000000002856,0.012151576268176237,0.16472992673516273,0.32311849916974705
2022-12-01 18:00:00,317.815,1.1213999999999942,0.14076164706299701,0.27569544812043506,0.08354290947318077
2022-12-01 18:15:00,315.54,-2.2749999999999773,0.0,0.0,0.0
2022-12-01 18:30:00,316.59,1.0499999999999545,0.47056853771209717,0.022564347833395004,0.006867120508104563
2022-12-01 18:45:00,316.49,-0.0999999999999659,0.21595250256359577,0.2287081778049469,0.055339306592941284
2022-12-01 19:00:00,317.04,0.5500000000000114,0.006841748487204313,0.41857942938804626,0.07457884401082993
2022-12-01 19:15:00,317.76,0.7199999999999704,0.38869188725948334,0.04684385936707258,0.06446425756439567
2022-12-01 19:30:00,318.31,0.5500000000000114,0.20113563630729914,0.26915890350937843,0.029705431312322617
2022-12-01 19:45:00,318.395,0.08499999999997954,0.3827773332595825,0.09857358364388347,0.01864908868446946
2022-12-01 20:00:00,319.26,0.8650000000000091,0.07645113331576188,0.38666005929311115,0.036888803665836654
2022-12-01 20:15:00,317.91,-1.349999999999966,0.12468522042036057,0.16924552619457245,0.20606926083564758
2022-12-01 20:30:00,318.69,0.7799999999999727,0.0,0.0,0.0
2022-12-01 20:45:00,316.92,-1.7699999999999818,0.45901036262512207,0.016745129134505987,0.024244490079581738
2022-12-01 21:00:00,316.95,0.029999999999972715,0.30477468592089113,0.35641135890549475,0.3388139655505982
2022-12-02 14:30:00,312.68,-4.269999999999982,0.18481067195534706,0.21964792907238007,0.09554137289524078
2022-12-02 14:45:00,313.845,1.1650000000000205,0.3741908669471741,0.11082514375448227,0.01498398743569851
2022-12-02 15:00:00,318.305,4.4599999999999795,0.16750194039195776,0.3033145194252332,0.02918354608118534
2022-12-02 15:15:00,318.875,0.5699999999999932,0.48230811953544617,0.012223913334310055,0.005467974813655019
2022-12-02 15:30:00,319.4701,0.5951000000000022,0.3236601340274016,0.16486356469492117,0.011476286842177311
2022-12-02 15:45:00,320.99,1.519900000000007,0.3059369623661041,0.1624545156955719,0.03160850703716278
2022-12-02 16:00:00,317.68,-3.3100000000000023,0.2781210355460644,0.14130520913749933,0.08057375811040401
2022-12-02 16:15:00,316.8699,-0.810100000000034,0.48392602801322937,0.010648281313478947,0.005425718147307634
2022-12-02 16:30:00,318.5,1.6301000000000272,0.39091622829437256,0.09370995312929153,0.01537378691136837
2022-12-02 16:45:00,319.12,0.6200000000000045,0.0,0.0,0.0
2022-12-02 17:00:00,319.185,0.06499999999999773,0.0,0.0,0.0
2022-12-02 17:15:00,318.52,-0.6650000000000205,0.12317341566085815,0.35520094633102417,0.021625639870762825
2022-12-02 17:30:00,317.1537,-1.366299999999967,0.09576258063316345,0.33532997965812683,0.06890744715929031
2022-12-02 17:45:00,318.6701,1.516399999999976,0.06974419206380844,0.30056604743003845,0.1296897530555725
2022-12-02 18:00:00,316.6399,-2.0301999999999794,0.013871580362319946,0.17645511031150818,0.3096733093261719
2022-12-02 18:15:00,318.27,1.6300999999999704,0.15208232551813125,0.1988861609250307,0.14903150964528322
2022-12-02 18:30:00,317.75,-0.5199999999999818,0.04784193402156234,0.41531722247600555,0.03684084117412567
2022-12-02 18:45:00,318.755,1.0049999999999955,0.0,0.0,0.0
2022-12-02 19:00:00,318.168,-0.5869999999999891,0.019450167659670115,0.2445236425846815,0.2360261958092451
2022-12-02 19:15:00,318.54,0.3720000000000141,0.0,0.0,0.0
2022-12-02 19:30:00,318.16,-0.37999999999999545,0.4195280969142914,0.04666674882173538,0.03380513936281204
2022-12-02 19:45:00,319.54,1.3799999999999955,0.4467313388983409,0.030075169478853542,0.02319348572442929
2022-12-02 20:00:00,320.4,0.8599999999999568,0.20490514766424894,0.26841674745082855,0.026678116992115974
2022-12-02 20:15:00,321.54,1.1400000000000432,0.21196381840854883,0.2389427414163947,0.0490934532135725
2022-12-02 20:30:00,320.2,-1.3400000000000318,0.0,0.0,0.0
2022-12-02 20:45:00,320.225,0.025000000000034106,0.02372695878148079,0.24792710691690445,0.22834593057632446
2022-12-02 21:00:00,320.41,0.18500000000000227,0.3164262508538056,0.48261201827387723,0.2009617379630686
2022-12-05 14:30:00,321.5575,1.1474999999999795,0.015237513929605484,0.45976781845092773,0.02499469928443432
2022-12-05 14:45:00,319.89,-1.6675000000000182,0.01441565714776516,0.4480583667755127,0.0375259593129158
2022-12-05 15:00:00,318.49,-1.3999999999999773,0.24653527149930596,0.19882601201534272,0.0546387106180191
2022-12-05 15:15:00,318.67,0.18000000000000682,0.013495715645452341,0.17946507781744003,0.3070392037431399
2022-12-05 15:30:00,320.3,1.6299999999999955,0.18814638815820217,0.03804952744394541,0.27380407974123955
2022-12-05 15:45:00,319.203,-1.0970000000000368,0.43647974729537964,0.03986307233572006,0.023657191544771194
2022-12-05 16:00:00,319.13,-0.07299999999997908,0.0,0.0,0.0
2022-12-05 16:15:00,317.72,-1.4099999999999682,0.4727936089038849,0.013340136967599392,0.013866277411580086
2022-12-05 16:30:00,316.34,-1.3800000000000523,0.33285848796367645,0.13724393397569656,0.02989756315946579
2022-12-05 16:45:00,317.575,1.2350000000000136,0.21413794858381152,0.7116878088563681,0.07417425350286067
2022-12-05 17:00:00,316.78,-0.7950000000000159,0.0,0.0,0.0
2022-12-05 17:15:00,317.51,0.7300000000000182,0.26464829376588267,0.22947771909336248,0.5058739796901742
2022-12-05 17:30:00,316.78,-0.7300000000000182,0.0,0.0,0.0
2022-12-05 17:45:00,315.9,-0.8799999999999955,0.4646589457988739,0.026768680661916733,0.008572351187467575
2022-12-05 18:00:00,316.3,0.4000000000000341,0.05428562872111797,0.21993099339306355,0.22578336764127016
2022-12-05 18:15:00,316.3349,0.03489999999999327,0.02349212020635605,0.4057236313819885,0.07078426331281662
2022-12-05 18:30:00,317.56,1.2250999999999976,0.20044518820941448,0.05317609757184982,0.24637875892221928
2022-12-05 18:45:00,315.7099,-1.8500999999999976,0.23598201479762793,0.23844194319099188,0.025576019659638405
2022-12-05 19:00:00,313.13,-2.579900000000009,0.0,0.0,0.0
2022-12-05 19:15:00,312.62,-0.5099999999999909,0.4603029191493988,0.025775251910090446,0.013921820558607578
2022-12-05 19:30:00,311.59,-1.0300000000000296,0.17693165317177773,0.3093068450689316,0.013761490117758512
2022-12-05 19:45:00,312.3901,0.8001000000000431,0.17108841240406036,0.044362396001815796,0.2845492362976074
2022-12-05 20:00:00,312.47,0.07990000000000919,0.0,0.0,0.0
2022-12-05 20:15:00,312.03,-0.44000000000005457,0.47850799560546875,0.009807175025343895,0.011684860102832317
2022-12-05 20:30:00,312.015,-0.014999999999986358,0.29471979290246964,0.18581282161176205,0.01946737989783287
2022-12-05 20:45:00,312.11,0.09500000000002728,0.1318164085969329,0.3566361293196678,0.01154746999964118
2022-12-05 21:00:00,312.59,0.47999999999996135,0.29384622694740054,0.5615877888654128,0.1445659859898952
2022-12-06 14:30:00,309.69,-2.8999999999999773,0.15631790909295282,0.2780991705755393,0.0655829212628305
2022-12-06 14:45:00,309.03,-0.660000000000025,0.47126105427742004,0.021730436012148857,0.007008501794189215
2022-12-06 15:00:00,306.39,-2.6399999999999864,0.25970759397993487,0.15831035686035952,0.08198204326132934
2022-12-06 15:15:00,306.06,-0.3299999999999841,0.01594218984246254,0.09921114146709442,0.38484668731689453
2022-12-06 15:30:00,303.6628,-2.397199999999998,0.3511427640914917,0.12998834252357483,0.01886889338493347
2022-12-06 15:45:00,304.775,1.112199999999973,0.08583883149549365,0.3230050355195999,0.09115613531321287
2022-12-06 16:00:00,306.455,1.6800000000000068,0.1527605311324199,0.266988900800546,0.08025054819881916
2022-12-06 16:15:00,307.1,0.6450000000000387,0.1630843539411823,0.15581371014316878,0.1811019368469715
2022-12-06 16:30:00,305.76,-1.3400000000000318,0.2498965486884117,0.0681151133030653,0.18198832497000694
2022-12-06 16:45:00,306.32,0.5600000000000023,0.2717592505117257,0.2048484832048416,0.023392272492249806
2022-12-06 17:00:00,306.48,0.160000000000025,0.14486596919596195,0.2592971809208393,0.09583685523830354
2022-12-06 17:15:00,305.4443,-1.0357000000000198,0.398588627576828,0.017535507678985596,0.08387588709592819
2022-12-06 17:30:00,305.455,0.010699999999985721,0.4669211208820343,0.025697333738207817,0.007381550036370754
2022-12-06 17:45:00,306.19,0.7350000000000136,0.18427658081054688,0.10130626708269119,0.21441717352718115
2022-12-06 18:00:00,305.44,-0.75,0.4756176173686981,0.013879415579140186,0.01050296239554882
2022-12-06 18:15:00,305.27,-0.17000000000001592,0.3209901209920645,0.016631541773676872,0.16237832279875875
2022-12-06 18:30:00,305.525,0.25499999999999545,0.022955986903980374,0.2778664715588093,0.19917753338813782
2022-12-06 18:45:00,305.0,-0.5249999999999773,0.0932697276584804,0.38893045485019684,0.0177998011931777
2022-12-06 19:00:00,304.36,-0.6399999999999864,0.05544268898665905,0.42022792994976044,0.02432938478887081
2022-12-06 19:15:00,304.255,-0.10500000000001819,0.01014492567628622,0.41012972593307495,0.07972532510757446
2022-12-06 19:30:00,306.45,2.194999999999993,0.2038545597344637,0.15947873927652836,0.13666669419035316
2022-12-06 19:45:00,304.91,-1.5399999999999636,0.011074751615524292,0.37219372391700745,0.11673150211572647
2022-12-06 20:00:00,305.21,0.2999999999999545,0.21730642393231392,0.2648994252085686,0.017794150626286864
2022-12-06 20:15:00,304.41,-0.7999999999999545,0.02830299052099387,0.5778382994855443,0.39385872582594555
2022-12-06 20:30:00,304.63,0.21999999999997044,0.18940015509724617,0.33041744120419025,0.4801824018359184
2022-12-06 20:45:00,305.67,1.0400000000000205,0.33609169721603394,0.12420530151575804,0.03970296448096633
2022-12-06 21:00:00,305.56,-0.11000000000001364,0.19052103772645795,0.40850614701741417,0.4009728087819115
2022-12-07 14:30:00,307.9,2.339999999999975,0.31411534051100415,0.05181160569190979,0.13407303610195717
2022-12-07 14:45:00,302.895,-5.0049999999999955,0.08593503385782242,0.049835093319416046,0.36422985792160034
2022-12-07 15:00:00,304.93,2.035000000000025,0.07697760965675116,0.06731592514552176,0.35570646822452545
2022-12-07 15:15:00,304.3,-0.6299999999999955,0.012450109235942364,0.2054440602660179,0.28210583701729774
2022-12-07 15:30:00,303.97,-0.3299999999999841,0.21853421116247773,0.20646078838035464,0.07500499440357089
2022-12-07 15:45:00,306.525,2.55499999999995,0.14569289102736446,0.2227849013482531,0.1315222086591853
2022-12-07 16:00:00,305.925,-0.5999999999999659,0.031085139140486717,0.014241441152989864,0.4546734094619751
2022-12-07 16:15:00,303.57,-2.355000000000018,0.2559601850807667,0.14633393411835036,0.09770587583382924
2022-12-07 16:30:00,305.5,1.9300000000000068,0.5796037094357113,0.37939308614780504,0.04100316762924194
2022-12-07 16:45:00,306.44,0.9399999999999977,0.010256369598209858,0.4723735451698303,0.01737004518508911
2022-12-07 17:00:00,307.17,0.7300000000000182,0.0576862208545208,0.36355923116207123,0.07875455170869827
2022-12-07 17:15:00,306.84,-0.3300000000000409,0.2601211592555046,0.08176974734912316,0.1581090926192701
2022-12-07 17:30:00,305.79,-1.0499999999999545,0.031310223042964935,0.06096166372299194,0.4077281057834625
2022-12-07 17:45:00,306.56,0.7699999999999818,0.18891497639318308,0.2830991819500923,0.027985828307767708
2022-12-07 18:00:00,306.98,0.4200000000000159,0.12513277985687768,0.223029049379485,0.151838178347264
2022-12-07 18:45:00,306.6,-0.37999999999999545,0.3388296663761139,0.14577535539865494,0.015394998248666525
2022-12-07 19:00:00,306.3399,-0.26010000000002265,0.01223914697766304,0.30176302790641785,0.18599779903888702
2022-12-07 19:15:00,306.6,0.26010000000002265,0.24878862500190735,0.19433794915676117,0.05687342770397663
2022-12-07 19:30:00,307.41,0.8100000000000023,0.5802771598100662,0.37319209054112434,0.04653078829869628
2022-12-07 20:00:00,307.14,-0.27000000000003865,0.2113760208711028,0.2541924133896828,0.034431565552949905
2022-12-07 20:45:00,308.53,1.3899999999999864,0.0,0.0,0.0
2022-12-07 21:00:00,308.42,-0.1099999999999568,0.29405518894574406,0.42166156505118124,0.2842832502044205
2022-12-08 14:30:00,306.235,-2.1850000000000023,0.6791740148328245,0.22602738998830318,0.0947986263781786
2022-12-08 14:45:00,310.38,4.144999999999982,0.14594352524727583,0.20089788983265558,0.15315858305742344
2022-12-08 15:00:00,311.5,1.1200000000000045,0.33620447678757565,0.1400533757571663,0.023742149583995342
2022-12-08 15:15:00,311.73,0.2300000000000182,0.4579176902770996,0.026200372725725174,0.01588197611272335
2022-12-08 15:30:00,310.4,-1.330000000000041,0.045521128457039595,0.41902659833431244,0.03545226529240608
2022-12-08 15:45:00,309.77,-0.6299999999999955,0.06635035574436188,0.34220823645591736,0.09144140034914017
2022-12-08 16:00:00,308.62,-1.1499999999999773,0.19580285679548978,0.43363961260765793,0.3705575237981975
2022-12-08 16:15:00,307.9,-0.7200000000000273,0.12142119207419455,0.3422421384602785,0.036336672492325306
2022-12-08 16:30:00,307.34,-0.5600000000000023,0.16020955494605005,0.30034243129193783,0.039448034833185375
2022-12-08 16:45:00,307.49,0.1500000000000341,0.46238988637924194,0.02874072454869747,0.008869362995028496
2022-12-08 17:00:00,307.49,0.0,0.05240198224782944,0.9105118215084076,0.03708617761731148
2022-12-08 17:15:00,306.89,-0.6000000000000227,0.012848096899688244,0.16109438240528107,0.326057493686676
2022-12-08 17:30:00,307.405,0.5149999999999864,0.21124442014843225,0.10675993422046304,0.1819956545950845
2022-12-08 17:45:00,307.94,0.535000000000025,0.17379860021173954,0.2863387316465378,0.03986265975981951
2022-12-08 18:00:00,308.9699,1.0298999999999978,0.013893833383917809,0.4506484121084213,0.035457744263112545
2022-12-08 18:15:00,309.715,0.7450999999999794,0.029779577627778053,0.4581274688243866,0.01209297776222229
2022-12-08 18:30:00,311.2,1.4850000000000136,0.24646802619099617,0.030804194509983063,0.22272778395563364
2022-12-08 18:45:00,309.69,-1.509999999999991,0.08351402760793765,0.1841482644279798,0.23233768219749132
2022-12-08 19:00:00,307.742,-1.947999999999979,0.0,0.0,0.0
2022-12-08 19:15:00,308.865,1.1229999999999905,0.14815258421003819,0.17657459247857332,0.1752728447318077
2022-12-08 19:30:00,309.0192,0.154200000000003,0.0,0.0,0.0
2022-12-08 19:45:00,309.55,0.5307999999999993,0.31136566400527954,0.17147894203662872,0.017155399546027184
2022-12-08 20:00:00,308.895,-0.6550000000000296,0.017748274374753237,0.4014054983854294,0.08084623143076897
2022-12-08 20:15:00,309.78,0.8849999999999909,0.14496834141512713,0.2267873908082644,0.12824427522718906
2022-12-08 20:30:00,310.0731,0.2931000000000381,0.035585105419158936,0.45347562432289124,0.010939283296465874
2022-12-08 20:45:00,310.4801,0.40699999999998226,0.4493943452835083,0.02534019760787487,0.02526547946035862
2022-12-08 21:00:00,310.26,-0.22010000000000218,0.19223154320428937,0.5640988764155782,0.2436695748474449
2022-12-09 14:30:00,320.886,10.626000000000033,0.47966742515563965,0.009437905624508858,0.01089464034885168
2022-12-09 14:45:00,321.4,0.5139999999999532,0.0479183675100406,0.16040438475708166,0.29167722662289935
2022-12-09 15:00:00,324.625,3.2250000000000227,0.0,0.0,0.0
2022-12-09 15:15:00,322.46,-2.1650000000000205,0.2921274024993181,0.19900205777958035,0.5088705612579361
2022-12-09 15:30:00,324.925,2.465000000000032,0.4714706900219123,0.39577389353265363,0.13275542622432113
2022-12-09 15:45:00,325.005,0.07999999999998408,0.0,0.0,0.0
2022-12-09 16:00:00,325.8727,0.8677000000000135,0.14521871006581932,0.2547340225428343,0.10004727472551167
2022-12-09 16:15:00,326.595,0.7223000000000184,0.28633061368018387,0.2672029841691256,0.44646640997380016
2022-12-09 16:30:00,327.07,0.4749999999999659,0.11323963850736618,0.3040456995368004,0.0827146703377366
2022-12-09 16:45:00,328.07,1.0,0.23443441279232502,0.5320396504054467,0.23352591196695965
2022-12-09 17:00:00,328.0099,-0.06009999999997717,0.2895541122183204,0.02429846078157425,0.1861474140547216
2022-12-09 17:15:00,327.21,-0.7999000000000365,0.29795297887176275,0.27952553797513247,0.4225215269252658
2022-12-09 17:30:00,327.0514,-0.15859999999997854,0.21305723022669554,0.2337362258695066,0.05320654343813658
2022-12-09 17:45:00,327.035,-0.01639999999997599,0.02768351510167122,0.32328498363494873,0.14903147518634796
2022-12-09 18:00:00,325.48,-1.5550000000000068,0.011153195984661579,0.21381837781518698,0.27502844110131264
2022-12-09 18:15:00,325.0,-0.4800000000000182,0.4945274665951729,0.44522674195468426,0.06024580216035247
2022-12-09 18:30:00,324.915,-0.08499999999997954,0.0,0.0,0.0
2022-12-09 18:45:00,325.09,0.17499999999995453,0.00741292629390955,0.03896935284137726,0.4536176919937134
2022-12-09 19:00:00,323.676,-1.4139999999999873,0.40980665385723114,0.16342780366539955,0.4267655648291111
2022-12-09 19:15:00,324.2559,0.5799000000000092,0.47394803166389465,0.022222420200705528,0.0038295795675367117
2022-12-09 19:30:00,324.065,-0.19089999999999918,0.0,0.0,0.0
2022-12-09 19:45:00,324.4,0.33499999999997954,0.26011553406715393,0.03656606003642082,0.20331838726997375
2022-12-09 20:00:00,323.31,-1.089999999999975,0.42973434226587415,0.30937445908784866,0.26089123263955116
2022-12-09 20:15:00,321.52,-1.7900000000000205,0.3589443415403366,0.08655180130153894,0.05450384970754385
2022-12-09 20:30:00,320.39,-1.1299999999999955,0.0,0.0,0.0
2022-12-09 20:45:00,320.2373,-0.15269999999998163,0.11816496402025223,0.351070374250412,0.030764678493142128
2022-12-09 21:00:00,320.01,-0.22730000000001382,0.44787978864893074,0.3653044217818945,0.18681579870845827
2022-12-12 14:30:00,317.21,-2.8000000000000114,0.03266763687133789,0.4017375707626343,0.06559479981660843
2022-12-12 14:45:00,315.39,-1.8199999999999932,0.4057745039463043,0.06730784475803375,0.02691766293719411
2022-12-12 15:00:00,313.3393,-2.050700000000006,0.013012468814849854,0.0141088105738163,0.47287869453430176
2022-12-12 15:15:00,314.63,1.2907000000000153,0.31189022213220596,0.16887164115905762,0.019238152541220188
2022-12-12 15:30:00,311.635,-2.9950000000000045,0.007729347096756101,0.38358835875988007,0.1086823008954525
2022-12-12 15:45:00,310.63,-1.0049999999999955,0.19025825212399164,0.2920098692799608,0.017731881079574425
2022-12-12 16:00:00,311.0283,0.3983000000000061,0.02538108453154564,0.020154008641839027,0.4544649124145508
2022-12-12 16:15:00,312.03,1.0016999999999712,0.18925375072285533,0.24466280452907085,0.06608345670004685
2022-12-12 16:30:00,309.74,-2.2899999999999636,0.048569212667644024,0.281113438308239,0.17031736578792334
2022-12-12 16:45:00,310.62,0.8799999999999955,0.1956283152103424,0.23879995942115784,0.06557172536849976
2022-12-12 17:00:00,311.272,0.6519999999999868,0.006624194327741861,0.419162392616272,0.07421339303255081
2022-12-12 17:15:00,309.44,-1.8319999999999936,0.0,0.0,0.0
2022-12-12 17:30:00,310.18,0.7400000000000091,0.08826558850705624,0.2276875829945008,0.18404682539403439
2022-12-12 18:00:00,310.7993,0.6193000000000097,0.13294748434176049,0.106979557313025,0.26007295461992425
2022-12-12 18:15:00,310.7,-0.09930000000002792,0.020601789001375437,0.19828778505325317,0.2811104456583659
2022-12-12 18:30:00,310.6014,-0.09859999999997626,0.008343219757080078,0.20200471580028534,0.2896520495414734
2022-12-12 18:45:00,309.975,-0.6263999999999896,0.022542338259518145,0.3358843207359314,0.1415733326226473
2022-12-12 19:00:00,309.5401,-0.4349000000000274,0.2686055265367031,0.21933197416365147,0.012062489986419678
2022-12-12 19:15:00,310.13,0.5899000000000001,0.11935220332816243,0.1616617850959301,0.21898599962393442
2022-12-12 19:30:00,311.05,0.9200000000000159,0.017584961373358965,0.2196369506418705,0.2627780996263027
2022-12-12 19:45:00,312.0201,0.9701000000000022,0.48111286759376526,0.009897947311401367,0.008989185094833374
2022-12-12 20:00:00,313.59,1.5698999999999614,0.4376057982444763,0.05001688841730356,0.0123773452360183
2022-12-12 20:15:00,314.21,0.6200000000000045,0.26207658275961876,0.5986782712861896,0.13924515619874
2022-12-12 20:30:00,314.55,0.34000000000003183,0.05773724941536784,0.330684594810009,0.11157814413309097
2022-12-12 20:45:00,315.37,0.8199999999999932,0.0,0.0,0.0
2022-12-12 21:00:00,315.18,-0.18999999999999773,0.18177886433656734,0.6486757751882182,0.1695453497076171
2022-12-13 14:30:00,330.5824,15.4024,0.09437095715353887,0.21733729696522155,0.18829174246639013
2022-12-13 14:45:00,331.41,0.8276000000000181,0.2351131015457213,0.6593901924788952,0.10549669992178679
2022-12-13 15:00:00,330.0,-1.410000000000025,0.4620479505509138,0.43554970240220425,0.10240234546363354
2022-12-13 15:15:00,327.78,-2.2200000000000273,0.352992431842722,0.11216826434247196,0.034839295549318194
2022-12-13 15:30:00,328.96,1.1800000000000068,0.2979108405299485,0.6094580989331007,0.0926310958340764
2022-12-13 15:45:00,327.49,-1.4699999999999704,0.027240716852247715,0.27310700714588165,0.1996522769331932
2022-12-13 16:00:00,326.95,-0.5400000000000205,0.32680460810661316,0.02606039835760991,0.14713498732695976
2022-12-13 16:15:00,329.1768,2.2268000000000256,0.03365585976280272,0.216628760099411,0.24971537664532661
2022-12-13 16:30:00,328.8,-0.3768000000000029,0.08998653152957559,0.22229549754410982,0.18771797697991133
2022-12-13 16:45:00,325.84,-2.9600000000000364,0.17533222900237888,0.1442885589785874,0.18037921213544905
2022-12-13 17:00:00,323.61,-2.2299999999999613,0.09979055387278397,0.09730834824343522,0.3029011034717162
2022-12-13 17:15:00,323.47,-0.13999999999998636,0.08161362260580063,0.2578537166118622,0.16053266574939093
2022-12-13 17:30:00,323.53,0.05999999999994543,0.0,0.0,0.0
2022-12-13 17:45:00,324.1,0.57000000000005,0.07309086915726463,0.2173164077103138,0.20959271987279257
2022-12-13 18:00:00,324.05,-0.05000000000001137,0.13666493725031614,0.22817995422519743,0.13515509420540184
2022-12-13 18:15:00,324.97,0.9200000000000159,0.2974482774734497,0.19142840802669525,0.01112332008779049
2022-12-13 18:30:00,323.425,-1.545000000000016,0.18493518962835273,0.24308441579341888,0.07198039861395955
2022-12-13 18:45:00,321.52,-1.9050000000000296,0.33473534882068634,0.1265177559107542,0.03874691389501095
2022-12-13 19:00:00,322.375,0.8550000000000182,0.0,0.0,0.0
2022-12-13 19:15:00,322.47,0.09500000000002728,0.32127107058962184,0.09728485873589914,0.08144406888944407
2022-12-13 19:30:00,321.06,-1.410000000000025,0.20308209129143506,0.17405966902151704,0.12285824923310429
2022-12-13 19:45:00,319.81,-1.25,0.14715123595669866,0.46169784665107727,0.39115089923143387
2022-12-13 20:00:00,317.825,-1.9850000000000136,0.30495545710437,0.2130506932735443,0.48199383169412613
2022-12-13 20:15:00,318.79,0.9650000000000318,0.28527121742566425,0.13905224359283844,0.07567654984692733
2022-12-13 20:30:00,319.69,0.8999999999999773,0.2717706263065338,0.16311971843242645,0.06510964781045914
2022-12-13 20:45:00,320.33,0.6399999999999864,0.16740039945580065,0.3098515272140503,0.022748061688616872
2022-12-13 21:00:00,320.34,0.009999999999990905,0.24351802616003715,0.5155902824846152,0.24089168193701194
2022-12-14 14:30:00,321.675,1.3350000000000364,0.17654801827544966,0.10598247063656648,0.21746951978032789
2022-12-14 14:45:00,320.562,-1.1129999999999995,0.01491791382431984,0.05532302334904671,0.42975905537605286
2022-12-14 15:00:00,322.6405,2.0784999999999627,0.20483448207378388,0.25941225215792657,0.035753253102302554
2022-12-14 15:15:00,322.0,-0.6404999999999745,0.03266580620159706,0.16620720146844783,0.30112701033552486
2022-12-14 15:30:00,321.425,-0.5749999999999886,0.005550529342144728,0.13082075119018555,0.3636287450790405
2022-12-14 15:45:00,323.29,1.865000000000009,0.15156933376565576,0.08960915729403496,0.2588215205818415
2022-12-14 16:00:00,323.265,-0.025000000000034106,0.14377463778613933,0.2099896174456392,0.14623573808265583
2022-12-14 16:15:00,324.03,0.7649999999999864,0.05625434231478721,0.33636265248060226,0.10738299041986465
2022-12-14 16:30:00,324.03,0.0,0.16305407881736755,0.32293498516082764,0.014010929502546787
2022-12-14 16:45:00,324.56,0.5300000000000296,0.5432192422449589,0.42958467863500116,0.027196073811501263
2022-12-14 17:00:00,324.03,-0.5300000000000296,0.29626787391801673,0.05077632082005342,0.15295579005032778
2022-12-14 17:15:00,323.9264,-0.10359999999997171,0.07004528096877038,0.2943051434122026,0.13564956886693835
2022-12-14 17:30:00,324.44,0.5135999999999967,0.0,0.0,0.0
2022-12-14 17:45:00,323.15,-1.2900000000000205,0.18955123238265514,0.24968241651852927,0.060766326263546944
2022-12-14 18:00:00,322.42,-0.7299999999999613,0.2371924314647913,0.14333406314253808,0.119473506975919
2022-12-14 18:15:00,322.039,-0.38100000000002865,0.22055836766958237,0.0537601038813591,0.22568151354789734
2022-12-14 18:30:00,324.343,2.3040000000000305,0.020099231973290443,0.4557186961174011,0.024182086810469627
2022-12-14 18:45:00,323.98,-0.36299999999999955,0.3469942808151245,0.14359310269355774,0.009412618353962898
2022-12-14 19:00:00,319.22,-4.759999999999991,0.02130473731085658,0.2083981248239676,0.2702971336742242
2022-12-14 19:15:00,319.1,-0.12000000000000455,0.04860732704401016,0.011741731315851212,0.4396509528160095
2022-12-14 19:30:00,317.53,-1.57000000000005,0.0,0.0,0.0
2022-12-14 19:45:00,317.95,0.4200000000000159,0.2934295122201244,0.12907182176907858,0.07749865918109815
2022-12-14 20:00:00,321.18,3.230000000000018,0.11578017671126872,0.3062731437385082,0.07794668665155768
2022-12-14 20:15:00,319.6866,-1.4934000000000083,0.387535239259402,0.41131730439762276,0.20114745820562044
2022-12-14 20:30:00,317.92,-1.7665999999999826,0.47808268666267395,0.014674619305878878,0.007242700085043907
2022-12-14 20:45:00,318.12,0.19999999999998863,0.19972681300714612,0.21346521377563477,0.08680794341489673
2022-12-14 21:00:00,317.83,-0.29000000000002046,0.32939174514096164,0.41600330438712363,0.2546049458617051
2022-12-15 14:30:00,298.83,-19.0,0.010668482631444931,0.1277974247932434,0.36153411865234375
2022-12-15 14:45:00,296.09,-2.740000000000009,0.3594774048542604,0.10036881431005895,0.04015378176700324
2022-12-15 15:00:00,294.335,-1.7549999999999955,0.2534553363919258,0.1610467478632927,0.08549792710691691
2022-12-15 15:15:00,295.575,1.240000000000009,0.14202525193936058,0.20774484585438455,0.15022991278341838
2022-12-15 15:30:00,295.135,-0.4399999999999977,0.08165261265821755,0.18220425210893154,0.23614312894642353
2022-12-15 15:45:00,291.46,-3.6750000000000114,0.7053721845149994,0.11759652709588408,0.17703129583969712
2022-12-15 16:00:00,293.09,1.6299999999999955,0.18731347201392054,0.08541695568710565,0.22726958328858018
2022-12-15 16:15:00,294.25,1.160000000000025,0.7497378889471292,0.2023336563259363,0.047928463015705344
2022-12-15 16:30:00,293.7499,-0.5000999999999749,0.0,0.0,0.0
2022-12-15 16:45:00,293.51,-0.2399000000000342,0.32781864857922,0.6162022743374109,0.05597909974555174
2022-12-15 17:00:00,291.85,-1.6599999999999682,0.4622693881392479,0.49381186285366613,0.04391875288759668
2022-12-15 17:15:00,291.295,-0.5550000000000068,0.056038717506453395,0.25730315782129765,0.1866581253707409
2022-12-15 17:30:00,288.35,-2.944999999999993,0.031978321727365255,0.298852052539587,0.16916962526738644
2022-12-15 17:45:00,288.11,-0.2400000000000091,0.03265194222331047,0.21821195632219315,0.24913610890507698
2022-12-15 18:00:00,287.37,-0.7400000000000091,0.20550872292369604,0.09982497617602348,0.194666285533458
2022-12-15 18:15:00,288.135,0.7649999999999864,0.16459128726273775,0.6973891953627269,0.13801953475922346
2022-12-15 18:30:00,288.4,0.26499999999998636,0.1841556578874588,0.2914332151412964,0.024411141872406006
2022-12-15 18:45:00,290.37,1.9700000000000273,0.5049196071922779,0.257017086725682,0.23806332610547543
2022-12-15 19:00:00,288.49,-1.8799999999999955,0.6051995343295857,0.22889350389596075,0.1659069750458002
2022-12-15 19:15:00,289.19,0.6999999999999886,0.9287763983011246,0.0550796240568161,0.016144050983712077
2022-12-15 19:30:00,290.73,1.5400000000000205,0.10084946174174547,0.162716681137681,0.23643388412892818
2022-12-15 19:45:00,289.945,-0.785000000000025,0.17781728878617287,0.05334610274682442,0.268836606759578
2022-12-15 20:00:00,289.425,-0.5199999999999818,0.0,0.0,0.0
2022-12-15 20:15:00,289.32,-0.10500000000001819,0.46119822934269905,0.07706483639776707,0.4617369193583727
2022-12-15 20:30:00,290.305,0.9850000000000136,0.017829958349466324,0.03848077729344368,0.4436892569065094
2022-12-15 20:45:00,290.47,0.16500000000002046,0.25682780146598816,0.17296573519706726,0.07020644843578339
2022-12-15 21:00:00,290.41,-0.060000000000002274,0.43210763325383084,0.3705484508353425,0.19734392297916173
2022-12-16 14:30:00,291.66,1.25,0.0,0.0,0.0
2022-12-16 14:45:00,291.78,0.1199999999999477,0.23159838374704123,0.5331128871068358,0.23528871834278106
2022-12-16 15:00:00,292.1,0.32000000000005,0.1591224412744244,0.04539647946755091,0.2954810882608096
2022-12-16 15:15:00,292.0,-0.10000000000002274,0.012870772741734982,0.11951041966676712,0.3676188290119171
2022-12-16 15:30:00,291.8392,-0.16079999999999472,0.1551675656810403,0.19587530692418417,0.14895715362702808
2022-12-16 15:45:00,290.67,-1.1691999999999894,0.708420713742574,0.2673791580212613,0.024200149035702147
2022-12-16 16:00:00,290.15,-0.5200000000000387,0.268862996250391,0.20652288384735584,0.024614110123366117
2022-12-16 16:15:00,292.9459,2.7959000000000174,0.0,0.0,0.0
2022-12-16 16:30:00,293.03,0.08409999999997808,0.4747675557931264,0.0199503389497598,0.005282122020920117
2022-12-16 16:45:00,292.6,-0.42999999999995,0.1561825443059206,0.24594317749142647,0.0978742940351367
2022-12-16 17:00:00,291.51,-1.0900000000000318,0.17819272664686045,0.1791547896961371,0.14265249638507763
2022-12-16 17:15:00,292.11,0.6000000000000227,0.4671202798684438,0.02103655847410361,0.011843158708264431
2022-12-16 17:30:00,292.7401,0.6300999999999704,0.4601156711578369,0.029532209038734436,0.010352103039622307
2022-12-16 17:45:00,292.06,-0.6800999999999817,0.31808361907800037,0.15018963379164538,0.03172674806167682
2022-12-16 18:00:00,292.76,0.6999999999999886,0.23305213451385498,0.2394702434539795,0.027477648109197617
2022-12-16 18:15:00,292.1804,-0.5795999999999708,0.2980051636695862,0.18086962401866913,0.021125230938196182
2022-12-16 18:30:00,291.86,-0.32040000000000646,0.18268488347530365,0.24676812812685966,0.0705469804815948
2022-12-16 18:45:00,290.72,-1.1399999999999864,0.23256573756225407,0.1799732055515051,0.08746107923798263
2022-12-16 19:00:00,290.965,0.2449999999999477,0.0066787609830498695,0.02119062840938568,0.47213059663772583
2022-12-16 19:15:00,290.1099,-0.8550999999999931,0.08122246572747827,0.04747931845486164,0.3712982088327408
2022-12-16 19:30:00,289.57,-0.5398999999999887,0.4803260862827301,0.01307433471083641,0.006599591579288244
2022-12-16 19:45:00,291.385,1.8149999999999977,0.31758022904396055,0.1362801320850849,0.04613964417949319
2022-12-16 20:00:00,292.15,0.7649999999999864,0.3271416276693344,0.11634478159248829,0.05651361541822553
2022-12-16 20:15:00,292.445,0.2950000000000159,0.0,0.0,0.0
2022-12-16 20:30:00,292.4861,0.04110000000002856,0.0,0.0,0.0
2022-12-16 20:45:00,290.945,-1.5411000000000286,0.0,0.0,0.0
2022-12-16 21:00:00,290.71,-0.23500000000001364,0.0,0.0,0.0
